20200517T0000,24.985636,93,1005.5,2.3224688,0
20200517T0100,24.565636,94,1005.1,2.6246538,0
20200517T0200,24.225636,90,1004.8,2.7149029,0
20200517T0300,23.945635,89,1005.1,2.693641,0
20200517T0400,23.675636,87,1005.2,2.656796,0
20200517T0500,23.455635,86,1005.4,2.6412923,0
20200517T0600,24.395636,85,1006.1,2.6412923,0
20200517T0700,27.565636,78,1006.3,2.6026547,0
20200517T0800,30.205635,69,1006.7,2.224928,0
20200517T0900,32.045635,63,1006.4,1.9592538,0
20200517T1000,33.655636,58,1005.8,1.8866372,0
20200517T1100,34.885635,54,1004.8,1.8953248,0
20200517T1200,35.585636,52,1004.2,1.6229467,0
20200517T1300,35.905636,49,1003.6,1.2316055,0
20200517T1400,34.105637,59,1003.5,1.277438,0
20200517T1500,33.705635,60,1003.2,1.5610317,0
20200517T1600,32.885635,64,1003.6,1.8720685,0
20200517T1700,31.705635,71,1003.3,2.0851724,0
20200517T1800,30.175636,82,1004,2.1344864,0
20200517T1900,29.045635,85,1004.7,2.2001781,0
20200517T2000,28.315636,85,1005.1,2.4341388,0
20200517T2100,27.645636,85,1005.4,2.3365726,0
20200517T2200,27.035635,84,1005.6,2.1574523,0
20200517T2300,26.515635,82,1005.1,1.99937,0
20200518T0000,26.055635,83,1004.4,1.9239999,0
20200518T0100,25.415636,85,1003.8,1.7821561,0
20200518T0200,24.795635,86,1003.6,1.7898214,0
20200518T0300,24.255636,88,1003.4,1.8004979,0
20200518T0400,23.855635,88,1003.9,1.7417531,0
20200518T0500,23.565636,89,1004.3,1.7589599,0
20200518T0600,25.085636,84,1005,1.6161844,0
20200518T0700,28.945635,74,1005.3,1.2204393,0
20200518T0800,31.525635,65,1005.5,1.3903338,0
20200518T0900,33.235634,60,1005.7,1.2645125,0
20200518T1000,33.805634,57,1005.4,0.89107805,0
20200518T1100,35.225636,52,1004.4,0.66187614,0
20200518T1200,33.475636,70,1003.8,0.43149045,0
20200518T1300,34.335636,62,1003.4,0.45012447,0.4
20200518T1400,33.615635,61,1003.3,0.3985022,0.2
20200518T1500,33.075634,60,1003.1,0.63657206,0
20200518T1600,32.745636,61,1003.3,0.7970044,0
20200518T1700,32.085636,69,1003,1.1000891,0
20200518T1800,30.425636,75,1003.9,1.413768,0
20200518T1900,29.615635,77,1004.6,1.5732616,0
20200518T2000,28.585636,81,1004.8,1.5680319,0
20200518T2100,27.615635,85,1005.4,1.721196,0
20200518T2200,26.665636,88,1005.4,1.8676755,0
20200518T2300,25.675636,91,1005.4,1.7913504,0
20200519T0000,25.315636,91,1004.9,1.3903338,0
20200519T0100,24.975636,91,1004.5,1.2046328,0
20200519T0200,24.995636,89,1004.1,1.266676,0
20200519T0300,24.855635,89,1004,1.4079461,0
20200519T0400,24.755636,88,1004.3,1.629681,0
20200519T0500,24.555635,89,1005.1,1.7036079,0
20200519T0600,25.735636,86,1005.6,1.5819392,0
20200519T0700,29.105635,77,1005.7,1.3503733,0
20200519T0800,31.535635,68,1005.8,1.677696,0
20200519T0900,33.405636,61,1005.6,1.2046328,0
20200519T1000,34.975636,55,1005,0.90328515,0
20200519T1100,36.105637,50,1004.4,0.46801713,0
20200519T1200,36.595634,48,1003.9,0.5336216,0
20200519T1300,36.655636,48,1003.2,0.80043244,0
20200519T1400,36.535637,47,1002.9,0.973318,0
20200519T1500,36.075634,48,1002.6,1.334054,0
20200519T1600,35.145634,52,1002.7,1.8514794,0
20200519T1700,32.645634,67,1002.9,2.072,0
20200519T1800,30.405636,79,1003.9,1.8632724,0
20200519T1900,29.105635,83,1005.1,1.8020178,0
20200519T2000,28.345634,84,1005.6,1.702,0
20200519T2100,27.805635,84,1005.8,1.6161844,0
20200519T2200,27.175636,83,1006,1.5940088,0
20200519T2300,26.745636,82,1006.1,1.6229467,0
20200520T0000,26.995636,89,1005.5,1.332,0
20200520T0100,26.455635,90,1005.3,1.3644925,0
20200520T0200,25.645636,92,1004.7,1.4983858,0
20200520T0300,24.985636,93,1004.6,1.457631,0
20200520T0400,24.415636,93,1004.7,1.4892213,0
20200520T0500,24.275635,92,1005.3,1.457631,0
20200520T0600,25.325636,88,1006,1.4291774,0
20200520T0700,28.935635,77,1006.6,1.3824341,0
20200520T0800,31.385635,69,1006.8,1.1932142,0
20200520T0900,33.075634,61,1006.6,0.973318,0
20200520T1000,34.225636,56,1005.8,0.96484196,0
20200520T1100,34.975636,53,1004.9,1.0672432,0
20200520T1200,35.495636,52,1004.3,1.334054,0
20200520T1300,35.725636,52,1003.9,0.96484196,0
20200520T1400,34.755634,60,1004.1,0.666,0
20200520T1500,33.145634,65,1003.9,1.1271344,0.1
20200520T1600,33.655636,62,1003.4,1.525549,0
20200520T1700,32.675636,67,1003.8,1.8500001,0
20200520T1800,30.125635,82,1004.4,1.8559105,0
20200520T1900,29.845634,82,1006.1,1.942412,0
20200520T2000,28.965635,86,1007.1,2.1344864,0
20200520T2100,28.435635,88,1007.4,1.970402,0
20200520T2200,28.045635,89,1007,2.019807,0
20200520T2300,27.315636,91,1006.1,2.073321,0
20200521T0000,26.795635,92,1005.5,1.8735304,0
20200521T0100,26.375635,92,1005.2,1.8559105,0
20200521T0200,25.925636,92,1004.4,1.7775412,0
20200521T0300,25.515635,93,1004.4,1.628,0
20200521T0400,25.375635,92,1004.8,1.6430666,0
20200521T0500,25.245636,91,1005.3,1.721196,0
20200521T0600,26.155636,88,1005.8,1.457631,0
20200521T0700,29.055635,79,1006.3,1.4291774,0
20200521T0800,31.075636,70,1006,1.4234184,0
20200521T0900,32.405636,65,1005.5,1.1582832,0
20200521T1000,33.525635,60,1004.9,0.76187664,0
20200521T1100,34.225636,57,1004.4,0.518,0
20200521T1200,34.735634,55,1003.9,0.63225627,0
20200521T1300,34.905636,55,1003.5,0.76187664,0
20200521T1400,34.705635,56,1002.9,0.89107805,0
20200521T1500,34.345634,58,1002.9,0.7725827,0
20200521T1600,33.475636,67,1003,0.8880001,0.2
20200521T1700,31.805635,79,1003.6,1.1198232,0.2
20200521T1800,30.105635,86,1004.2,1.4040513,0
20200521T1900,31.395636,70,1005.7,1.413768,0
20200521T2000,30.135635,75,1006,1.8544347,0
20200521T2100,29.365635,77,1006.1,1.966229,0
20200521T2200,28.515635,80,1006.5,2.0640562,0
20200521T2300,27.615635,83,1006.1,2.077279,0
20200522T0000,26.915636,85,1006.3,2.077279,0
20200522T0100,26.305635,86,1004.7,2.1190376,0
20200522T0200,25.755636,87,1004.3,2.1306348,0
20200522T0300,25.245636,88,1003.3,2.019807,0
20200522T0400,24.795635,88,1003.4,1.970402,0
20200522T0500,24.445635,88,1003.8,1.970402,0
20200522T0600,25.335636,85,1004.5,1.7259618,0
20200522T0700,28.995636,77,1005.2,1.525549,0
20200522T0800,31.335636,68,1005.3,1.525549,0
20200522T0900,32.915634,62,1004.9,1.334054,0
20200522T1000,34.335636,56,1004.5,1.0595188,0
20200522T1100,35.565636,53,1003.8,1.0065087,0
20200522T1200,36.525635,50,1002.9,1.1700428,0
20200522T1300,37.015636,49,1002.5,0.7970044,0
20200522T1400,35.675636,58,1002.6,0.37,0.3
20200522T1500,33.065636,76,1002.8,1.0774562,0.4
20200522T1600,33.565636,68,1002.7,1.4234185,0
20200522T1700,33.055634,71,1003.3,1.4079461,0
20200522T1800,31.105635,83,1003.9,1.4234185,0
20200522T1900,29.965635,86,1004.8,1.5237533,0
20200522T2000,29.395636,89,1005.5,1.5732616,0
20200522T2100,29.015635,90,1005.8,1.6546904,0
20200522T2200,28.755636,91,1006.2,1.6874596,0
20200522T2300,28.515635,91,1006.1,1.6347134,0
20200523T0000,28.115635,91,1005.5,1.4079461,0
20200523T0100,27.645636,92,1005.1,1.1487889,0
20200523T0200,27.205635,92,1004.7,1.0307007,0
20200523T0300,26.795635,92,1004.3,1.129561,0
20200523T0400,26.465635,92,1004.4,1.1000891,0
20200523T0500,26.205635,91,1004.9,0.83721447,0
20200523T0600,26.815636,88,1005.4,0.69811463,0
20200523T0700,28.715635,85,1005.9,0.20930362,0
20200523T0800,30.795635,74,1006.4,0,0
20200523T0900,32.195637,68,1006.7,0.2668108,0
20200523T1000,33.895634,61,1006.2,0.5966071,0
20200523T1100,34.615635,56,1005.7,0.5336216,0
20200523T1200,32.135635,74,1005.7,0.9476624,0.4
20200523T1300,31.775635,75,1005.5,0.89107805,0
20200523T1400,32.945637,69,1004.7,0.73256266,0
20200523T1500,32.015636,76,1004.6,0.5966071,0.9
20200523T1600,29.925636,89,1004.8,0.5966071,0.8
20200523T1700,29.785635,93,1005.1,0.6700985,0.2
20200523T1800,29.185635,91,1005.4,0.6700985,0
20200523T1900,29.215635,89,1006.7,1.1319823,0
20200523T2000,28.705635,91,1007.5,0.69811463,0
20200523T2100,28.365635,93,1008.2,0.70202565,0
20200523T2200,28.185635,93,1008.5,0.518,0
20200523T2300,27.935635,93,1008.4,0.45012447,0
20200524T0000,27.445635,95,1007.9,0.45012447,0
20200524T0100,26.965635,94,1006.7,0.46801713,0
20200524T0200,26.565636,94,1006.3,0.5336216,0
20200524T0300,26.215635,94,1006.4,0.5336216,0
20200524T0400,25.865635,93,1006.7,0.5779585,0
20200524T0500,25.415636,92,1007.5,0.63657206,0
20200524T0600,26.355635,90,1008.1,0.63657206,0
20200524T0700,29.085636,82,1008.8,0.37,0
20200524T0800,30.555635,76,1009.1,0.62791085,0.1
20200524T0900,30.805635,79,1009.1,0.73256266,0.5
20200524T1000,29.945635,79,1009.5,1.1000891,0.8
20200524T1100,29.565636,76,1009.2,1.0595188,0
20200524T1200,29.515635,76,1008.6,1.0595188,0
20200524T1300,31.525635,69,1008,1.1319823,0
20200524T1400,32.035637,66,1007.4,1.0065087,0
20200524T1500,32.135635,65,1006.8,0.89414537,0
20200524T1600,31.875635,66,1006.4,0.92721736,0
20200524T1700,31.425636,68,1006.5,0.96484196,0
20200524T1800,30.245636,76,1007.2,0.89107805,0
20200524T1900,27.345634,93,1008.9,2.739,0
20200524T2000,26.865635,95,1009.2,2.4643223,0
20200524T2100,26.865635,95,1009.5,2.1964417,0
20200524T2200,26.735636,95,1009.4,1.9856285,0
20200524T2300,26.615635,95,1009.5,2.021162,0
20200525T0000,26.435635,95,1009.4,2.1864464,0
20200525T0100,26.275635,94,1008.5,2.0467389,0
20200525T0200,26.195635,93,1007.9,1.8559105,0
20200525T0300,26.085636,93,1007.6,1.7760001,0
20200525T0400,25.835636,92,1007.6,1.7084227,0
20200525T0500,25.625635,92,1008.1,1.4965575,0
20200525T0600,26.565636,89,1008.7,1.4040513,0
20200525T0700,29.055635,82,1009.1,1.224918,0
20200525T0800,31.225636,70,1009.3,1.6008649,0
20200525T0900,32.935635,65,1009.1,1.4595082,0
20200525T1000,34.205635,59,1008.3,1.155917,0
20200525T1100,35.255634,56,1008.2,0.7546549,0
20200525T1200,35.805634,54,1007.9,1.155917,0
20200525T1300,32.715637,73,1007.5,1.7259618,0.3
20200525T1400,33.085636,70,1006.6,1.85,0
20200525T1500,33.745636,65,1006.9,2.0319705,0.2
20200525T1600,31.525635,79,1006.9,1.677696,0.2
20200525T1700,31.295635,79,1007,1.4214936,0
20200525T1800,30.165636,85,1007.6,1.3584595,0
20200525T1900,29.535635,86,1008.5,1.4538693,0
20200525T2000,28.845634,85,1008.9,1.7275474,0
20200525T2100,28.095634,84,1009.3,1.9592538,0
20200525T2200,27.155636,83,1009.4,2.1306348,0
20200525T2300,26.175636,84,1009.9,2.094344,0
20200526T0000,25.535635,86,1009.6,2.0467389,0
20200526T0100,24.875635,88,1008.1,1.8866372,0
20200526T0200,24.475636,88,1007.6,1.8866372,0
20200526T0300,24.305635,88,1006.9,2.0130174,0
20200526T0400,24.475636,87,1007,1.966229,0
20200526T0500,25.405636,82,1007.3,1.8276651,0
20200526T0600,25.835636,82,1008.4,1.7338754,0
20200526T0700,26.055635,85,1009.2,1.7036079,0
20200526T0800,27.805635,81,1009.4,1.9536562,0
20200526T0900,30.405636,72,1009.1,2.177663,0
20200526T1000,33.305634,60,1008,1.6695161,0
20200526T1100,34.635635,55,1007.6,0.92721736,0
20200526T1200,35.395634,53,1007.4,0.3985022,0
20200526T1300,35.545635,54,1006.3,0.66187614,0
20200526T1400,34.055634,63,1005.7,1.3903338,0.2
20200526T1500,31.105635,82,1006.3,1.7651753,0.9
20200526T1600,30.185635,86,1006.7,2.0574129,0.9
20200526T1700,29.255636,90,1007.4,2.0130177,0.7
20200526T1800,28.485636,94,1008.2,1.258,0
20200526T1900,28.165636,93,1009,0.2668108,0
20200526T2000,27.845634,92,1009.3,1.7589599,0
20200526T2100,27.725636,90,1009.7,1.890986,0
20200526T2200,27.315636,88,1009.6,1.85,0
20200526T2300,26.925636,86,1010.1,1.7821561,0
20200527T0000,27.335636,95,1009.9,1.334054,0
20200527T0100,27.115635,96,1008.7,1.2923545,0
20200527T0200,26.855635,94,1007.7,1.2046328,0
20200527T0300,26.445635,94,1007.2,1.1863103,0
20200527T0400,26.155636,93,1007.6,1.11,0
20200527T0500,25.945635,92,1008.6,1.0465181,0
20200527T0600,26.675636,92,1009.4,1.1700428,0
20200527T0700,28.805635,87,1009.9,1.3237523,0
20200527T0800,28.625635,86,1009.9,1.4983858,0.3
20200527T0900,28.545635,87,1009.8,1.629681,3.5
20200527T1000,29.045635,84,1009.9,1.5888474,1.3
20200527T1100,28.595634,82,1009.5,1.525549,0.5
20200527T1200,28.465635,82,1008.9,1.0465181,0
20200527T1300,29.065636,82,1008.4,0.89107805,0.4
20200527T1400,28.705635,82,1008.3,0.8173567,0.2
20200527T1500,28.505636,83,1007.8,0.74,0.1
20200527T1600,28.045635,84,1007.5,0.7546549,0
20200527T1700,28.305635,84,1008.1,0.8629809,0
20200527T1800,27.815636,86,1008.6,0.6822463,0
20200527T1900,26.975636,95,1009.5,1.8866372,0
20200527T2000,26.745636,97,1010,1.457631,0
20200527T2100,26.515635,98,1010.1,0.96484196,0
20200527T2200,26.655636,97,1010.1,0.5966071,0
20200527T2300,26.535635,97,1010.4,0.4738312,0
20200528T0000,26.445635,97,1010.4,0.8437298,0
20200528T0100,26.275635,97,1009.1,0.89107805,0
20200528T0200,26.145636,97,1008.3,0.7436908,0
20200528T0300,26.015635,97,1008.2,0.666,0
20200528T0400,26.025635,97,1008.7,0.7436908,0
20200528T0500,25.935635,97,1008.9,0.7546549,0
20200528T0600,26.055635,96,1009.2,0.518,0
20200528T0700,26.885635,93,1009.5,0.3985022,0
20200528T0800,26.985636,93,1009.5,0.3985022,0.7
20200528T0900,27.285635,92,1010.1,0.66187614,0.9
20200528T1000,27.525635,88,1010.2,0.8880001,0.8
20200528T1100,27.625635,87,1009.9,0.89107805,0.5
20200528T1200,27.635635,87,1009,0.8880001,0
20200528T1300,28.335636,85,1008.5,0.7725827,0
20200528T1400,28.185635,83,1007.8,0.7970044,0
20200528T1500,28.705635,82,1007.4,0.8273452,0
20200528T1600,28.145636,84,1007.8,0.96484196,0.1
20200528T1700,28.185635,85,1008,1.11,0
20200528T1800,27.525635,88,1008.4,1.11,0
20200528T1900,26.585636,93,1009.3,0.6700985,0
20200528T2000,26.335636,95,1009.9,0.76187664,0
20200528T2100,26.175636,95,1010.2,0.69811463,0
20200528T2200,26.055635,96,1010.2,0.73256266,0
20200528T2300,25.875635,97,1010.3,0.84372985,0
20200529T0000,25.575636,98,1009.9,1.3237523,0
20200529T0100,25.555635,96,1009,1.5557609,0
20200529T0200,25.275635,99,1008.3,1.7036079,0
20200529T0300,25.175636,99,1008.2,1.85,0
20200529T0400,25.165636,99,1008.4,1.7898213,0
20200529T0500,25.455635,97,1008.9,1.5237533,0
20200529T0600,26.445635,94,1009.2,1.5398402,0
20200529T0700,27.895636,87,1009.8,1.5398402,0
20200529T0800,27.535635,90,1010.1,1.4214936,1.9
20200529T0900,27.665636,88,1010.2,1.5610317,2.6
20200529T1000,27.615635,91,1010.8,1.5539999,0.4
20200529T1100,27.435635,90,1009.9,1.4368201,0
20200529T1200,27.555635,89,1009.5,1.266676,0
20200529T1300,27.755636,88,1009,0.96199995,0
20200529T1400,28.055635,86,1008.6,1.0307007,0
20200529T1500,28.375635,84,1008.2,1.457631,0
20200529T1600,28.145636,85,1008.3,1.4291774,0.4
20200529T1700,27.435635,88,1008.4,1.4538693,0
20200529T1800,26.915636,91,1008.6,1.6380599,0
20200529T1900,28.195635,88,1008.8,2.3829837,0
20200529T2000,27.775635,89,1010.1,2.777712,0
20200529T2100,27.305635,91,1010.7,3.042111,0
20200529T2200,27.085636,92,1010.6,3.059164,0
20200529T2300,26.885635,92,1010,3.051098,0
20200530T0000,26.715635,92,1009.7,2.656796,0
20200530T0100,26.545635,91,1009.3,2.369156,0
20200530T0200,26.195635,91,1009.3,2.5559475,0
20200530T0300,25.745636,91,1009.2,2.7806675,0
20200530T0400,25.445635,91,1009.8,2.6246538,0
20200530T0500,25.195635,91,1009.7,2.1357687,0
20200530T0600,25.965635,90,1009.9,1.8141325,0
20200530T0700,28.205635,85,1010.7,1.8544347,0
20200530T0800,29.825636,78,1011.3,2.0574129,0
20200530T0900,30.795635,74,1011.3,1.992511,0
20200530T1000,29.725636,74,1011.3,2.021162,0
20200530T1100,29.935635,72,1010.9,2.1864464,0
20200530T1200,29.865635,73,1010.3,2.052083,0
20200530T1300,30.965635,70,1010.4,1.7542838,0
20200530T1400,30.765635,69,1010,1.7036079,0
20200530T1500,30.745636,71,1009.5,1.9911364,0
20200530T1600,30.435635,73,1009.2,2.1510975,0.1
20200530T1700,29.465635,81,1009.5,1.8953248,0
20200530T1800,28.585636,86,1009.9,2.0467389,0
20200530T1900,28.635635,87,1010.2,2.3552468,0
20200530T2000,28.145636,89,1010.9,2.4273803,0
20200530T2100,27.825636,91,1011,2.3224685,0
20200530T2200,27.515635,92,1010.7,2.254269,0
20200530T2300,27.315636,92,1010.7,2.369156,0
20200531T0000,27.145636,91,1010.7,2.1190376,0
20200531T0100,27.055635,91,1010.9,2.0130177,0
20200531T0200,26.765635,91,1009.9,2.3552468,0
20200531T0300,26.475636,91,1009.7,2.4731946,0
20200531T0400,26.195635,91,1010.2,2.9967716,0
20200531T0500,25.875635,91,1010.7,3.1880176,0
20200531T0600,26.345634,90,1011.1,3.303584,0
20200531T0700,28.195635,85,1011.2,2.8323736,0
20200531T0800,29.695635,80,1011.2,2.1964417,0
20200531T0900,31.205635,74,1011.5,1.8953248,0
20200531T1000,30.005636,83,1011.7,2.0467389,1.1
20200531T1100,30.135635,80,1011.3,1.890986,0.3
20200531T1200,29.625635,76,1010.7,1.6380599,0
20200531T1300,30.165636,74,1010.1,1.7275474,0
20200531T1400,30.455635,73,1009.2,1.6430666,0
20200531T1500,30.515635,72,1008.6,1.340197,0
20200531T1600,30.385635,74,1008.4,1.1487889,0
20200531T1700,30.035635,78,1008.8,1.0065087,0
20200531T1800,28.995636,83,1009.5,1.0925969,0
20200531T1900,29.515635,80,1009.4,2.073321,0
20200531T2000,29.195635,82,1010.1,1.9367653,0
20200531T2100,29.005636,83,1010.7,1.8676755,0
20200531T2200,28.665636,85,1010.5,1.8544347,0
20200531T2300,28.405636,85,1010.4,1.992511,0
20200601T0000,27.975636,87,1010.1,1.9745661,0
20200601T0100,27.345634,88,1009.2,1.946636,0
20200601T0200,26.715635,89,1008.5,1.7275474,0
20200601T0300,26.435635,90,1008.6,1.1932142,0
20200601T0400,26.335636,90,1009.4,1.457631,0
20200601T0500,26.145636,91,1010.2,1.6890814,0
20200601T0600,27.125635,89,1010.8,1.9424119,0
20200601T0700,28.875635,82,1010.7,2.019807,0
20200601T0800,30.225636,76,1010.5,2.1851938,0
20200601T0900,29.955635,77,1011.2,2.1190374,0.3
20200601T1000,30.345634,77,1010.8,1.7898213,0.2
20200601T1100,30.675636,71,1009.9,1.7275474,0
20200601T1200,31.275635,67,1009.7,1.9536561,0
20200601T1300,31.465635,66,1009.3,1.8866372,0
20200601T1400,31.325636,67,1009.1,1.7036079,0
20200601T1500,31.155636,66,1008.9,1.3604734,0
20200601T1600,30.335636,70,1008.6,1.155917,0
20200601T1700,30.115635,73,1008.7,1.5183531,0
20200601T1800,28.965635,83,1009.4,1.7913504,0
20200601T1900,28.975636,83,1009.4,1.955057,0
20200601T2000,28.155636,87,1009.9,2.0130177,0
20200601T2100,27.665636,89,1010.1,2.0467389,0
20200601T2200,27.315636,91,1010.3,2.0130177,0
20200601T2300,26.975636,92,1009.8,1.9536562,0
20200602T0000,26.625635,93,1009.7,1.9025341,0
20200602T0100,26.285635,91,1009,2.003474,0
20200602T0200,25.905636,91,1008.2,1.998,0
20200602T0300,25.345634,91,1007.6,2.1460001,0
20200602T0400,25.065636,89,1007.7,1.8514794,0
20200602T0500,24.785635,88,1008.4,1.6430666,0
20200602T0600,25.625635,88,1009,1.6695161,0
20200602T0700,28.255636,82,1009.2,1.7084227,0
20200602T0800,30.085636,75,1009.2,1.7898213,0
20200602T0900,31.325636,70,1009,1.9536561,0
20200602T1000,32.245636,66,1008.7,1.85,0
20200602T1100,32.635635,64,1008.4,1.6229467,0
20200602T1200,32.605637,62,1008.3,1.3604734,0
20200602T1300,30.155636,72,1008.8,1.0672432,0.2
20200602T1400,30.375635,74,1008.3,0.92721736,0.2
20200602T1500,29.915636,77,1008.3,0.69811463,0.4
20200602T1600,29.345634,76,1007.2,0.90328515,0
20200602T1700,29.215635,77,1007,1.1932142,0
20200602T1800,28.305635,83,1007.6,1.4214936,0
20200602T1900,28.445635,86,1008.5,2.1764054,0
20200602T2000,27.865635,88,1009.1,2.2554832,0
20200602T2100,27.635635,89,1009.3,2.1964417,0
20200602T2200,27.425636,90,1009.2,2.1851938,0
20200602T2300,27.135635,91,1009,2.3224688,0
20200603T0000,27.225636,90,1008.4,2.3400855,0
20200603T0100,27.055635,90,1007.6,2.2975779,0
20200603T0200,26.785635,90,1006.8,2.0930362,0
20200603T0300,26.495636,90,1006.9,1.8632724,0
20200603T0400,26.185635,90,1006.8,1.3503733,0
20200603T0500,25.965635,90,1007.4,1.1319823,0
20200603T0600,26.515635,89,1007.7,1.0595188,0
20200603T0700,28.845634,81,1008.9,0.92721736,0
20200603T0800,29.815636,73,1008.4,1.1000891,0
20200603T0900,31.115635,68,1008.1,1.0386395,0
20200603T1000,32.235638,64,1007.5,1.1700428,0
20200603T1100,33.145634,61,1007,1.1700428,0
20200603T1200,33.735634,59,1006.7,1.5237533,0
20200603T1300,33.915634,59,1006.1,1.7259618,0
20200603T1400,33.795635,59,1005.5,1.7913504,0
20200603T1500,32.795635,65,1004.9,1.7913504,0
20200603T1600,30.675636,72,1005.1,1.8953248,0
20200603T1700,31.485636,72,1005.4,2.221233,0
20200603T1800,29.905636,82,1005.9,2.4160748,0
20200603T1900,28.595634,87,1007,2.5462883,0
20200603T2000,28.075636,86,1007.5,2.7895155,0
20200603T2100,27.535635,86,1008.1,2.7459884,0
20200603T2200,26.845634,85,1008.4,2.5257752,0
20200603T2300,26.165636,83,1008.3,2.3691561,0
20200604T0000,25.525635,85,1007.1,2.2951932,0
20200604T0100,24.785635,87,1006.3,2.516,0
20200604T0200,24.125635,88,1005.5,2.664,0
20200604T0300,23.545635,90,1005.2,2.5203493,0
20200604T0400,23.155636,90,1005.5,2.077279,0
20200604T0500,22.905636,91,1006.4,1.7164172,0
20200604T0600,24.305635,87,1007.3,1.4818488,0
20200604T0700,27.835636,79,1008,1.48,0
20200604T0800,30.085636,72,1007.6,1.258,0
20200604T0900,31.645636,67,1007.5,1.2601745,0
20200604T1000,32.615635,64,1007.2,0.37732744,0.1
20200604T1100,33.685635,60,1007.7,1.6347134,0
20200604T1200,30.415636,77,1007.4,2.6225667,0.6
20200604T1300,31.805635,75,1006.5,3.243362,0
20200604T1400,29.825636,83,1006.3,2.8784003,0.8
20200604T1500,30.445635,80,1006,2.3691561,0
20200604T1600,29.645636,83,1006.1,2.0560818,0
20200604T1700,29.685635,86,1006.1,1.8276651,0
20200604T1800,28.575636,90,1006.1,1.7898213,0
20200604T1900,28.135635,91,1007,1.9197261,0
20200604T2000,27.845634,88,1007.2,2.2076323,0
20200604T2100,27.365635,87,1007.5,2.073321,0
20200604T2200,26.675636,85,1007.4,1.8020178,0
20200604T2300,25.785635,86,1007.6,1.457631,0
20200605T0000,25.065636,88,1007.1,1.4983858,0
20200605T0100,24.335636,90,1006.7,1.7589599,0
20200605T0200,24.205635,89,1006.3,1.7084227,0
20200605T0300,24.445635,88,1006.3,1.6629431,0
20200605T0400,24.655636,87,1006.4,1.457631,0
20200605T0500,24.735636,86,1006.9,1.5819392,0
20200605T0600,25.685635,85,1007.2,2.323647,0
20200605T0700,28.155636,80,1008,2.9830356,0
20200605T0800,30.205635,72,1007.7,2.0319705,0
20200605T0900,31.725636,66,1007.4,1.7898213,0
20200605T1000,32.845634,63,1006.8,1.7036079,0.3
20200605T1100,34.175636,57,1006.7,1.7259618,0
20200605T1200,32.215637,70,1006.8,1.8544347,0
20200605T1300,30.635635,78,1006.7,2.0319705,0.9
20200605T1400,32.245636,72,1005.4,1.8866372,0
20200605T1500,31.795635,74,1005.8,1.7790807,0
20200605T1600,30.585636,79,1005.8,1.4079461,0
20200605T1700,29.425636,87,1006.4,1.48,0
20200605T1800,28.295635,90,1007,1.7898214,0
20200605T1900,27.475636,91,1007.8,2.0130174,0
20200605T2000,27.085636,87,1007.7,1.942412,0
20200605T2100,26.935635,85,1007.7,1.7898214,0
20200605T2200,26.815636,84,1007.4,1.7775412,0
20200605T2300,26.825636,83,1007.4,1.8735304,0
20200606T0000,25.805635,87,1006.4,1.942412,0
20200606T0100,25.315636,87,1006,2.021162,0
20200606T0200,24.985636,87,1005.2,2.1203294,0
20200606T0300,24.385635,89,1004.6,2.1203294,0
20200606T0400,23.545635,92,1004.9,1.5237533,0
20200606T0500,23.345634,92,1005.7,1.1700428,0
20200606T0600,24.805635,88,1006.5,0.7288155,0
20200606T0700,28.215635,80,1007.5,0.23400857,0
20200606T0800,30.285635,73,1007.8,1.569777,0
20200606T0900,31.815636,67,1007.3,1.6874597,0
20200606T1000,32.935635,63,1006.7,1.1700428,0.3
20200606T1100,34.665634,56,1006.6,0.5966071,0
20200606T1200,31.805635,67,1006.8,1.2046328,0.2
20200606T1300,33.475636,72,1006.6,1.7589599,0
20200606T1400,33.135635,66,1006.7,1.7898214,0.3
20200606T1500,31.085636,81,1006.3,1.4368201,0.4
20200606T1600,31.455635,72,1005.7,1.3091936,0
20200606T1700,31.425636,72,1006.1,1.3962293,0
20200606T1800,30.235636,78,1006.8,1.6008649,0
20200606T1900,29.265635,82,1007.3,1.955057,0
20200606T2000,28.205635,84,1007.4,2.3130178,0
20200606T2100,27.095634,87,1007.9,2.4104016,0
20200606T2200,26.015635,88,1008.1,2.4194717,0
20200606T2300,25.025635,88,1007.8,2.3165665,0
20200607T0000,24.615635,88,1007.5,2.250622,0
20200607T0100,24.225636,88,1006.6,2.3224685,0
20200607T0200,23.735636,88,1005.7,2.094344,0
20200607T0300,23.315636,89,1005.5,1.7898213,0
20200607T0400,23.005636,89,1006.1,1.334054,0
20200607T0500,22.975636,89,1006.5,1.036,0
20200607T0600,24.375635,86,1007.2,0.96484196,0
20200607T0700,26.065636,86,1007.3,1.4214936,0
20200607T0800,28.855635,76,1007.5,1.85,0
20200607T0900,31.685635,66,1006.8,1.8676755,0
20200607T1000,33.525635,58,1006.1,1.6546904,0
20200607T1100,34.775635,54,1005.5,0.666,0
20200607T1200,35.315636,53,1005.3,0.23400857,0
20200607T1300,35.555634,52,1004.9,0.7436908,0
20200607T1400,35.475636,53,1004.2,1.11,0
20200607T1500,34.735634,56,1004,1.340197,0
20200607T1600,34.195637,56,1004.2,1.334054,0
20200607T1700,33.215637,60,1004.5,1.5680319,0
20200607T1800,31.055635,74,1005,1.7322956,0
20200607T1900,29.535635,77,1005.4,2.0560818,0
20200607T2000,28.505636,79,1005.7,1.8720685,0
20200607T2100,27.745636,80,1006.1,1.85,0
20200607T2200,26.965635,79,1006.3,1.8632724,0
20200607T2300,25.665636,80,1006.1,1.8020178,0
20200608T0000,24.565636,83,1005.9,1.8065703,0
20200608T0100,23.795635,84,1005.4,2.0467389,0
20200608T0200,22.985636,86,1005.3,2.250622,0
20200608T0300,22.335636,86,1005.3,2.3023396,0
20200608T0400,21.785635,87,1005.1,2.3598924,0
20200608T0500,21.365635,87,1005.1,2.3691561,0
20200608T0600,22.415636,85,1005.6,2.2076323,0
20200608T0700,26.985636,79,1006,1.9424119,0
20200608T0800,30.585636,67,1006.4,1.677696,0
20200608T0900,32.535637,60,1006.9,1.468858,0
20200608T1000,33.805634,55,1006.1,0.90328515,0
20200608T1100,34.765636,53,1005.9,0.20930362,0
20200608T1200,35.355637,52,1005.3,0.31395543,0
20200608T1300,35.605637,52,1004.7,0.7725827,0
20200608T1400,35.595634,53,1004.2,1.184,0
20200608T1500,35.185635,54,1003.8,1.6695161,0
20200608T1600,33.255634,63,1003.6,1.9745661,0
20200608T1700,32.955635,66,1004.1,2.1914499,0
20200608T1800,30.715635,80,1004.7,2.317748,0
20200608T1900,28.865635,86,1005.6,2.4194717,0
20200608T2000,28.525635,84,1006.3,1.890986,0
20200608T2100,27.845634,82,1006.9,1.8141325,0
20200608T2200,27.145636,80,1007.3,2.072,0
20200608T2300,26.425636,78,1007.1,1.9296838,0
20200609T0000,25.935635,79,1006.9,1.9592538,0
20200609T0100,24.965635,82,1006.5,1.942412,0
20200609T0200,24.115635,84,1006.1,1.992511,0
20200609T0300,23.505636,86,1005.3,1.8967689,0
20200609T0400,23.055635,87,1005.4,1.8020178,0
20200609T0500,22.865635,87,1005.8,1.7882907,0
20200609T0600,24.095634,84,1006.4,1.5940088,0
20200609T0700,28.065636,79,1007,1.1932142,0
20200609T0800,30.685635,69,1006.8,1.2046328,0
20200609T0900,32.25564,65,1007,1.258,0
20200609T1000,33.415634,62,1006.7,1.4651253,0
20200609T1100,34.165634,60,1006,1.6008649,0
20200609T1200,34.525635,58,1005.8,1.6546904,0
20200609T1300,34.585636,56,1005.3,1.5940088,0
20200609T1400,34.175636,59,1004.8,1.5451654,0
20200609T1500,32.375637,66,1005,1.5974404,0
20200609T1600,31.785635,70,1005.5,1.6161844,0
20200609T1700,31.775635,72,1005.8,1.6380599,0
20200609T1800,29.945635,84,1006,1.8559105,0
20200609T1900,28.625635,87,1006.7,2.1574523,0
20200609T2000,27.845634,92,1007.3,2.161256,0
20200609T2100,27.415636,95,1008.2,2.1976879,0
20200609T2200,27.195635,96,1008.2,2.1164517,0
20200609T2300,26.885635,97,1008,2.1203294,0
20200411T0000,23.799135,96,1015.1,1.6874597,0
20200411T0100,23.639135,96,1014.1,1.6430666,0
20200411T0200,23.479136,96,1013.3,1.4368201,0
20200411T0300,23.409136,96,1013.1,1.3584595,0
20200411T0400,23.329136,96,1013.1,1.3237523,0
20200411T0500,23.209135,96,1014.3,1.3237523,0
20200411T0600,23.279135,96,1015.1,1.3903338,0
20200411T0700,23.839134,93,1015.2,1.4291774,0
20200411T0800,25.179134,87,1015.3,1.3604734,0
20200411T0900,26.279135,83,1015,1.3584595,0
20200411T1000,27.589134,77,1014.6,1.5183531,0
20200411T1100,29.189135,72,1014.4,1.5732616,0
20200411T1200,30.029135,67,1013.9,1.6430666,0
20200411T1300,30.669136,64,1012.6,1.6546904,0
20200411T1400,30.809135,62,1011.3,1.7589599,0
20200411T1500,30.489136,63,1010.6,1.9367652,0
20200411T1600,29.889135,67,1010.4,2.221233,0
20200411T1700,28.809135,73,1010.8,2.443121,0
20200411T1800,26.119135,86,1011.9,2.533352,0
20200411T1900,25.839134,92,1012.4,2.3365726,0
20200411T2000,24.889135,98,1012.7,2.2261581,0
20200411T2100,25.249136,96,1013.4,1.942412,0
20200411T2200,25.209135,96,1014,1.6907016,0
20200411T2300,25.119135,96,1014,1.4892213,0
20200412T0000,24.999136,96,1013.8,1.224918,0
20200412T0100,24.789135,96,1012.7,0.9620001,0
20200412T0200,24.629135,96,1012.3,0.666,0
20200412T0300,24.459135,96,1012.3,0.5966071,0
20200412T0400,24.379135,96,1012.9,0.76187664,0
20200412T0500,24.249136,96,1013.9,0.9153295,0
20200412T0600,24.329136,96,1014.8,1.0595188,0
20200412T0700,24.519135,95,1015.6,1.1319823,0
20200412T0800,24.659136,94,1016,1.3644925,0.1
20200412T0900,24.859135,93,1016.2,1.5680319,0.4
20200412T1000,24.709135,94,1016.1,1.8276652,0.9
20200412T1100,24.489136,93,1016.1,1.992511,0.1
20200412T1200,24.199135,93,1016.3,1.8720685,0
20200412T1300,24.109135,92,1015.6,1.830659,0
20200412T1400,23.759134,94,1014.8,1.8866372,0.1
20200412T1500,23.599134,94,1014.3,1.9592538,0.3
20200412T1600,23.429134,95,1013.8,2.1190376,0.8
20200412T1700,23.269135,97,1014.2,2.3400855,0.9
20200412T1800,23.159136,97,1015,2.6824362,1
20200412T1900,23.619135,97,1015.8,2.9830353,1
20200412T2000,23.589134,97,1016.2,3.2238872,1.3
20200412T2100,23.569136,97,1016.4,3.4280457,1.3
20200412T2200,23.539135,97,1016.1,3.4905732,1.6
20200412T2300,23.469135,97,1016.3,3.781972,1.9
20200413T0000,23.339134,97,1015.7,3.9052093,2.3
20200413T0100,23.149136,97,1014.9,4.042324,2.2
20200413T0200,22.919136,97,1014.6,4.2824206,2.1
20200413T0300,22.629135,97,1014.5,4.5236945,1.9
20200413T0400,22.239136,97,1014.9,4.703513,1.7
20200413T0500,21.849134,97,1015.4,4.775724,1.3
20200413T0600,21.479136,97,1016.5,4.6313596,1
20200413T0700,21.309135,96,1017.3,4.4152646,0.8
20200413T0800,21.329136,95,1017.7,3.9850216,0.7
20200413T0900,21.439135,94,1018.1,3.6085906,0.5
20200413T1000,21.599134,94,1018,3.3749192,0.4
20200413T1100,21.779135,94,1017.9,3.1948807,0.4
20200413T1200,21.619135,92,1017.4,3.1062374,0.3
20200413T1300,21.599134,92,1016.9,3.0779018,0.4
20200413T1400,21.489136,93,1016.2,3.1220634,0.4
20200413T1500,21.349134,93,1015.7,3.18544,0.4
20200413T1600,21.239136,94,1015.6,3.259362,0.4
20200413T1700,21.079136,95,1016,3.189735,0.4
20200413T1800,20.759134,96,1016.7,3.1220634,0.5
20200413T1900,21.329136,97,1016.5,2.9274461,0.7
20200413T2000,21.329136,97,1017.1,2.7648683,0.6
20200413T2100,21.349134,97,1017.8,2.5311894,0.5
20200413T2200,21.319136,97,1017.8,2.369156,0.5
20200413T2300,21.289135,97,1017.3,2.083859,0.4
20200414T0000,21.239136,97,1016.4,1.830659,0.4
20200414T0100,21.209135,97,1015.6,1.7417531,0.4
20200414T0200,21.159136,97,1015,1.7084227,0.3
20200414T0300,21.149136,97,1015.1,1.629681,0.3
20200414T0400,21.159136,97,1015.4,1.5557609,0.3
20200414T0500,21.159136,97,1015.7,1.5557609,0.2
20200414T0600,21.269135,97,1016.1,1.5557609,0.3
20200414T0700,21.569136,96,1016.4,1.6347134,0.2
20200414T0800,21.919136,94,1016.8,1.6347134,0.3
20200414T0900,22.229136,94,1017,1.5557609,0.2
20200414T1000,22.439135,94,1017,1.5557609,0.1
20200414T1100,22.569136,94,1016.6,1.5557609,0.1
20200414T1200,22.629135,93,1016.2,1.6347134,0
20200414T1300,22.609135,93,1015.4,1.5610317,0.1
20200414T1400,22.569136,94,1014.6,1.569777,0.1
20200414T1500,22.469135,94,1014,1.5819392,0
20200414T1600,22.269135,94,1013.7,1.4538693,0
20200414T1700,22.099134,95,1013.8,1.2923545,0
20200414T1800,21.789135,96,1014.6,1.11,0
20200414T1900,22.079136,94,1015.4,1.1271344,0
20200414T2000,21.919136,95,1015.7,0.8629809,0
20200414T2100,21.879135,96,1016.1,0.5779585,0
20200414T2200,21.799135,96,1015.9,0.3985022,0
20200414T2300,21.739136,96,1015.5,0.23400857,0
20200415T0000,21.629135,96,1015.1,0.148,0
20200415T0100,21.529135,96,1014.8,0.148,0
20200415T0200,21.449135,96,1014.2,0.23400857,0
20200415T0300,21.369135,96,1014.2,0.16546904,0
20200415T0400,21.259134,95,1014.5,0.16546904,0
20200415T0500,21.179134,96,1014.9,0.30510983,0
20200415T0600,21.189135,95,1015.4,0.296,0
20200415T0700,21.689135,93,1015.9,0.30510983,0
20200415T0800,22.739136,89,1016.3,0.3985022,0
20200415T0900,23.899136,85,1015.9,0.2668108,0
20200415T1000,24.959135,81,1015.2,0,0
20200415T1100,25.789135,78,1014.3,0.52325904,0
20200415T1200,26.769135,76,1013.8,1.1198232,0
20200415T1300,27.259134,74,1012.9,1.569777,0
20200415T1400,27.889135,74,1012,1.8559105,0
20200415T1500,27.689135,76,1011.6,2.003474,0
20200415T1600,26.489136,81,1011.5,2.22,0
20200415T1700,25.689135,87,1011.8,2.298769,0
20200415T1800,24.669136,92,1012.4,2.3365726,0
20200415T1900,23.359135,94,1013.2,2.4509535,0
20200415T2000,23.429134,94,1013.6,2.4864442,0
20200415T2100,23.279135,95,1013.5,2.4092655,0
20200415T2200,23.109135,96,1013.4,2.3598924,0
20200415T2300,23.059135,96,1012.9,2.22,0
20200416T0000,22.999136,96,1012.6,2.1164517,0
20200416T0100,22.939135,96,1012.4,1.9097161,0
20200416T0200,22.879135,96,1011.8,1.7913504,0
20200416T0300,22.789135,96,1011.3,1.7338754,0
20200416T0400,22.719135,96,1011.9,1.8381219,0
20200416T0500,22.719135,96,1012.5,1.8866372,0
20200416T0600,22.799135,96,1012.9,2.0130177,0
20200416T0700,23.449135,93,1013.3,2.1344864,0
20200416T0800,24.459135,89,1013.8,2.1964417,0
20200416T0900,25.869135,83,1013.8,2.2796323,0
20200416T1000,27.649136,76,1012.9,2.3047168,0
20200416T1100,28.899136,71,1011.9,2.520349,0
20200416T1200,29.909136,68,1011.4,2.7708032,0
20200416T1300,30.499136,66,1010.5,2.9830353,0
20200416T1400,30.619135,67,1010,2.9830353,0
20200416T1500,30.539135,67,1010.1,3.0131726,0
20200416T1600,29.969135,70,1009.9,3.1612813,0
20200416T1700,28.939135,75,1009.9,3.395141,0
20200416T1800,26.709135,85,1010.4,3.490573,0
20200416T1900,24.509134,94,1011.9,3.744868,0
20200416T2000,23.749136,96,1012.4,3.6740086,0
20200416T2100,23.439135,96,1012.5,3.5827007,0
20200416T2200,23.189135,96,1013.1,3.4550948,0
20200416T2300,22.979136,97,1012.6,3.1957378,0
20200417T0000,23.499136,96,1012.5,2.8429873,0
20200417T0100,23.499136,96,1012.3,2.6495721,0
20200417T0200,23.419136,96,1011.3,2.504001,0
20200417T0300,23.369135,96,1011.3,2.487545,0
20200417T0400,23.309135,96,1011.6,2.4239943,0
20200417T0500,23.209135,96,1012,2.3224685,0
20200417T0600,23.279135,96,1012.4,2.221233,0
20200417T0700,23.859135,93,1013.2,2.1574523,0
20200417T0800,25.059135,90,1013.5,2.1164517,0
20200417T0900,26.489136,85,1013.5,2.0956507,0
20200417T1000,27.979136,80,1012.9,2.1764054,0
20200417T1100,29.369135,73,1012.3,2.3505924,0
20200417T1200,29.679134,72,1011.9,2.5559475,0
20200417T1300,30.559135,68,1011.4,2.7149029,0
20200417T1400,30.569136,69,1010.8,2.801269,0
20200417T1500,30.239136,69,1010.5,2.9460924,0
20200417T1600,29.429134,73,1010.4,3.0912166,0
20200417T1700,28.099134,79,1010.8,3.1948807,0
20200417T1800,26.179134,88,1011.6,3.1124017,0
20200417T1900,25.839134,93,1011.8,3.0663157,0
20200417T2000,25.099134,97,1012.7,2.7806675,0
20200417T2100,25.129135,96,1013,2.487545,0
20200417T2200,25.099134,96,1013.4,2.2372,0
20200417T2300,24.949135,96,1013.4,1.9993699,0
20200418T0000,24.809135,96,1013.3,1.9367653,0
20200418T0100,24.679134,96,1012.8,1.8837324,0
20200418T0200,24.509134,96,1011.9,1.8321539,0
20200418T0300,24.409136,96,1011.7,1.9367653,0
20200418T0400,24.299135,96,1011.8,1.9367653,0
20200418T0500,24.189135,96,1012.6,1.9367653,0
20200418T0600,24.179134,96,1013.6,1.9993699,0
20200418T0700,24.639135,93,1013.9,2.0130177,0
20200418T0800,25.799135,90,1013.8,2.0574129,0
20200418T0900,27.309135,85,1013.8,2.0319705,0
20200418T1000,28.519135,78,1013.1,1.9536562,0
20200418T1100,30.039135,71,1012.4,1.8676755,0
20200418T1200,31.109135,65,1011.8,1.9367653,0
20200418T1300,31.779135,62,1011.3,2.0560818,0
20200418T1400,31.919136,60,1010.4,2.4875448,0
20200418T1500,31.619135,62,1009.9,2.8323736,0
20200418T1600,30.819136,66,1009.3,2.9967716,0
20200418T1700,29.629135,72,1009.7,3.1360638,0
20200418T1800,26.899136,86,1010.4,3.0921023,0
20200418T1900,26.229136,92,1010.9,3.0204332,0
20200418T2000,25.519135,95,1011.5,3.0636358,0
20200418T2100,25.029135,96,1011.4,3.0912166,0
20200418T2200,24.649136,97,1011.4,3.1465232,0
20200418T2300,24.529135,97,1011,3.1229403,0
20200419T0000,24.709135,96,1011.1,2.9967716,0
20200419T0100,24.619135,96,1010.7,2.9572237,0
20200419T0200,24.439135,96,1010,2.817836,0
20200419T0300,24.259134,96,1009.3,2.6526701,0
20200419T0400,24.119135,96,1009.5,2.6526701,0
20200419T0500,23.949135,96,1009.9,2.551659,0
20200419T0600,24.279135,93,1011,2.4820354,0
20200419T0700,25.909136,89,1011.7,2.4509535,0
20200419T0800,27.979136,82,1011.8,2.3400855,0
20200419T0900,29.869135,76,1011.6,2.3047168,0
20200419T1000,31.539135,71,1011.4,2.4160745,0
20200419T1100,32.609135,66,1010.8,2.5462883,0
20200419T1200,33.239136,64,1010.7,2.5900002,0
20200419T1300,33.369137,60,1010.2,2.504001,0
20200419T1400,33.349136,58,1009.5,2.1344864,0
20200419T1500,32.989136,59,1009.2,2.0891078,0
20200419T1600,32.269135,61,1009,2.351757,0
20200419T1700,31.019135,68,1009.1,2.713894,0
20200419T1800,28.069136,83,1009.9,2.8822026,0
20200419T1900,27.319136,90,1009.9,2.96,0
20200419T2000,26.539135,91,1010.4,2.6905894,0
20200419T2100,25.939135,93,1010.3,2.8178363,0
20200419T2200,25.609135,93,1011.1,2.584709,0
20200419T2300,25.229136,93,1011.3,2.5484378,0
20200420T0000,24.859135,94,1010.3,2.5484378,0
20200420T0100,24.579136,94,1009.8,2.517088,0
20200420T0200,24.329136,92,1009.2,2.3910131,0
20200420T0300,24.089134,91,1008.7,2.459874,0
20200420T0400,23.929134,90,1009.4,2.5559475,0
20200420T0500,23.789135,91,1010.3,2.6152484,0
20200420T0600,24.469135,88,1011.1,2.584709,0
20200420T0700,27.119135,82,1011.4,2.4160748,0
20200420T0800,29.419136,75,1012.1,2.7469852,0
20200420T0900,31.089134,70,1011.9,2.3224685,0
20200420T1000,32.579136,65,1011.7,2.250622,0
20200420T1100,33.749134,61,1011.8,2.0930362,0
20200420T1200,34.329136,60,1010.7,1.9097161,0
20200420T1300,34.279137,59,1009,1.9240001,0
20200420T1400,33.929134,61,1007.7,2.083859,0
20200420T1500,33.379135,65,1007.4,2.4408786,0
20200420T1600,32.469135,70,1007.6,3.1124017,0
20200420T1700,31.379135,76,1008.2,3.3439486,0
20200420T1800,28.799135,88,1009.3,3.2492657,0
20200420T1900,27.179134,94,1010.3,3.2861333,0
20200420T2000,26.299135,95,1010.9,2.8429873,0
20200420T2100,25.939135,95,1011.4,2.739,0
20200420T2200,25.629135,95,1011.5,2.7529593,0
20200420T2300,25.129135,96,1011.4,2.729988,0
20200421T0000,24.779135,97,1010.7,2.6814153,0
20200421T0100,24.519135,95,1009.8,2.6526704,0
20200421T0200,24.239136,94,1008.8,2.529025,0
20200421T0300,24.029135,93,1008.6,2.6246538,0
20200421T0400,23.859135,92,1009,2.6246538,0
20200421T0500,23.659136,91,1009,2.7499738,0
20200421T0600,24.349134,90,1009.7,2.6824362,0
20200421T0700,26.999136,84,1010.1,2.7539537,0
20200421T0800,29.329136,77,1010.9,3.0448103,0
20200421T0900,31.119135,70,1011.1,2.7708032,0
20200421T1000,32.619137,65,1010.4,2.827536,0
20200421T1100,33.759136,62,1010,2.7924585,0
20200421T1200,34.429134,61,1009.2,2.6824362,0
20200421T1300,34.849136,58,1008.2,2.4341388,0
20200421T1400,34.709137,60,1007.6,2.9274461,0
20200421T1500,34.109135,62,1006.9,3.487434,0
20200421T1600,33.039135,67,1007.1,3.72434,0
20200421T1700,31.559135,74,1007.6,3.711821,0
20200421T1800,28.619135,88,1008.5,3.6740086,0
20200421T1900,26.859135,96,1009.5,3.8798873,0
20200421T2000,26.089134,95,1010.2,2.9011397,0
20200421T2100,25.929134,95,1010.7,2.7708032,0
20200421T2200,25.539135,96,1010.8,2.6905894,0
20200421T2300,25.049135,97,1010.6,2.4509535,0
20200422T0000,24.789135,98,1010.1,2.28563,0
20200422T0100,24.489136,98,1009.2,2.581529,0
20200422T0200,24.259134,95,1008.9,2.713894,0
20200422T0300,24.059135,93,1008.8,2.8129735,0
20200422T0400,23.879135,92,1009.1,2.9470217,0
20200422T0500,23.719135,94,1009.3,2.716919,0
20200422T0600,24.409136,91,1009.9,2.7539537,0
20200422T0700,27.009134,85,1010.6,2.9766033,0
20200422T0800,29.309135,76,1010.9,2.716919,0
20200422T0900,31.049135,70,1010.9,2.4643223,0
20200422T1000,32.479137,66,1010.8,2.3224685,0
20200422T1100,33.369137,64,1010.5,2.5687702,0
20200422T1200,33.659134,64,1009.5,3.2769554,0
20200422T1300,33.679134,64,1008.7,3.9136136,0
20200422T1400,33.459137,66,1008.1,4.072017,0
20200422T1500,33.089134,66,1008.1,4.002162,0
20200422T1600,32.229137,69,1008.6,3.679966,0
20200422T1700,30.759134,76,1009.7,3.3504925,0
20200422T1800,28.249136,87,1010.6,3.4976254,0
20200422T1900,26.989136,93,1012.2,3.2635593,0
20200422T2000,26.219135,95,1012.2,2.5772831,0
20200422T2100,25.649136,96,1013,2.0130177,0
20200422T2200,25.119135,97,1013.4,1.6874597,0
20200422T2300,25.049135,96,1013.3,1.7275474,0
20200423T0000,25.049135,96,1012.5,1.6229467,0
20200423T0100,25.019135,96,1012,1.6229467,0
20200423T0200,24.949135,96,1011.4,1.8321539,0
20200423T0300,24.889135,96,1010.8,1.9883844,0
20200423T0400,24.859135,96,1011.1,1.9883844,0
20200423T0500,24.799135,96,1011.7,1.9367653,0
20200423T0600,24.909136,96,1012.6,1.8321539,0
20200423T0700,25.349134,94,1013.1,1.7821561,0
20200423T0800,26.319136,89,1013.4,1.8065703,0
20200423T0900,28.099134,82,1013.7,1.677696,0
20200423T1000,29.689135,73,1013.2,1.9856285,0
20200423T1100,30.789135,69,1013.1,2.073321,0
20200423T1200,30.859135,68,1012.8,2.217532,0
20200423T1300,29.289135,72,1012.7,2.2076323,0
20200423T1400,28.669136,75,1012,2.265174,0
20200423T1500,27.899136,78,1011.5,2.6905894,0
20200423T1600,27.089134,82,1011.7,2.7924585,0
20200423T1700,26.169136,86,1012.2,2.581529,0
20200423T1800,25.399136,89,1012.6,2.3645287,0
20200423T1900,25.089134,90,1013.4,2.1549125,0
20200423T2000,24.969135,92,1013.8,1.998,0
20200423T2100,24.779135,93,1013.9,1.406,0
20200423T2200,24.469135,97,1014.4,1.036,0
20200423T2300,24.509134,98,1014.3,0.7436908,0
20200424T0000,24.589134,97,1014,0.592,0
20200424T0100,24.719135,97,1013.6,0.69811463,0
20200424T0200,24.749136,96,1012.7,0.96484196,0
20200424T0300,24.589134,96,1012.6,1.155917,0
20200424T0400,24.519135,96,1013.1,1.3604734,0
20200424T0500,24.239136,96,1013.7,1.3175325,0
20200424T0600,24.449135,94,1014.7,1.3584595,0
20200424T0700,24.709135,92,1015.5,1.224918,0
20200424T0800,25.359135,87,1015.4,1.4538693,0
20200424T0900,26.199135,83,1015.7,1.5398402,0
20200424T1000,26.599134,81,1016.2,1.3764796,0
20200424T1100,26.579136,81,1016.2,1.4040513,0
20200424T1200,26.379135,82,1015.3,1.5680319,0
20200424T1300,26.259134,83,1014,1.8276652,0
20200424T1400,25.979136,84,1013.4,1.992511,0
20200424T1500,25.649136,85,1013.4,2.2261581,0
20200424T1600,25.239136,87,1013.7,2.3400855,0
20200424T1700,24.669136,91,1013.6,2.317748,0
20200424T1800,24.129135,94,1014.1,2.1549125,0
20200424T1900,23.939135,96,1014.9,1.9925108,0.2
20200424T2000,23.999136,95,1015.1,2.591057,0.4
20200424T2100,23.939135,96,1016,2.517088,0.3
20200424T2200,23.769135,97,1016.3,2.2396464,0.5
20200424T2300,23.669136,97,1016.7,2.4239943,0.4
20200425T0000,23.699135,97,1015.3,2.368,1.2
20200425T0100,23.619135,97,1014.9,2.4464808,1.1
20200425T0200,23.499136,97,1013.9,2.6277816,1
20200425T0300,23.389135,97,1013.5,2.7648683,0.8
20200425T0400,23.269135,97,1013.9,2.9274461,0.6
20200425T0500,23.109135,97,1014.4,3.1115217,0.4
20200425T0600,23.039135,97,1015.3,3.2492657,0.3
20200425T0700,23.049135,96,1016,3.4072158,0.2
20200425T0800,23.039135,96,1016.4,3.3300002,0.1
20200425T0900,23.019135,94,1016.7,3.259362,0.1
20200425T1000,23.069136,94,1016.6,3.0912166,0.1
20200425T1100,23.149136,94,1016.1,3.0349026,0.1
20200425T1200,23.279135,93,1015.5,2.932119,0.1
20200425T1300,23.379135,93,1014.7,2.932119,0.1
20200425T1400,23.519135,92,1014.3,3.0876718,0.1
20200425T1500,23.479136,92,1013.8,3.2025845,0.1
20200425T1600,23.279135,94,1013.5,3.3300002,0.1
20200425T1700,22.899136,94,1013.6,3.4495432,0.1
20200425T1800,22.369135,96,1014.3,3.4929256,0.1
20200425T1900,23.499136,97,1015.6,1.5237533,0.3
20200425T2000,23.509134,97,1016.3,1.4234184,0.2
20200425T2100,23.499136,97,1016.3,1.3237523,0.2
20200425T2200,23.519135,97,1016.8,1.3584595,0.2
20200425T2300,23.499136,97,1016.5,1.4595082,0.2
20200426T0000,23.469135,97,1016.1,1.4234184,0.2
20200426T0100,23.439135,97,1015.2,1.3903338,0.1
20200426T0200,23.379135,97,1014.3,1.5940088,0.2
20200426T0300,23.349134,97,1014,1.6907016,0.3
20200426T0400,23.329136,97,1014.3,1.8201593,0.2
20200426T0500,23.299135,97,1015,1.9296839,0.2
20200426T0600,23.379135,97,1015.5,1.9536561,0.3
20200426T0700,23.539135,96,1016.2,1.9367653,0.2
20200426T0800,23.679134,96,1016.5,1.9367653,0.3
20200426T0900,23.859135,95,1016.9,1.9367653,0.3
20200426T1000,23.919136,95,1016.8,1.8866372,0.4
20200426T1100,23.949135,94,1016.4,1.85,0.4
20200426T1200,23.989136,94,1016,1.7036079,0.5
20200426T1300,23.949135,94,1015.1,1.7259618,0.4
20200426T1400,23.859135,95,1014.7,1.8866372,0.4
20200426T1500,23.809135,95,1014.3,2.021162,0.3
20200426T1600,23.659136,96,1014.4,2.0891078,0.4
20200426T1700,23.509134,96,1014.7,2.0891078,0.4
20200426T1800,23.329136,97,1015.2,2.052083,0.4
20200426T1900,22.899136,97,1016.5,1.992511,0
20200426T2000,22.829136,97,1017,1.7790807,0
20200426T2100,22.749136,97,1017.2,1.8004979,0
20200426T2200,22.719135,97,1017.6,1.8514794,0
20200426T2300,22.649136,97,1017.2,1.8514794,0
20200427T0000,22.529135,97,1017.1,1.8632724,0
20200427T0100,22.459135,97,1016.7,1.9745661,0
20200427T0200,22.309135,97,1015.9,2.2469697,0
20200427T0300,22.249136,97,1015.5,2.3400855,0
20200427T0400,22.149136,97,1015.6,2.317748,0
20200427T0500,22.109135,97,1016.3,2.2469697,0
20200427T0600,22.169136,97,1017.1,2.106077,0
20200427T0700,22.229136,96,1017.4,2.0614014,0
20200427T0800,22.399136,95,1017.7,1.8866372,0
20200427T0900,22.579136,93,1017.9,1.8276651,0
20200427T1000,22.859135,93,1017.6,1.9993699,0
20200427T1100,23.499136,91,1017.3,2.1510975,0
20200427T1200,24.029135,87,1016.9,2.3236473,0
20200427T1300,24.399136,85,1016.2,2.463211,0
20200427T1400,24.639135,82,1015.7,2.781652,0
20200427T1500,24.479136,84,1015.5,3.0448103,0
20200427T1600,24.129135,85,1015.2,3.1785564,0
20200427T1700,23.719135,87,1015.6,3.1482632,0
20200427T1800,23.129135,89,1016.1,3.0805695,0
20200427T1900,22.899136,93,1016.7,3.2534761,0
20200427T2000,22.709135,94,1017,2.8323736,0
20200427T2100,22.509134,95,1017.3,2.5559475,0
20200427T2200,22.369135,95,1017.8,2.250622,0
20200427T2300,22.219135,96,1017.3,2.0319705,0
20200428T0000,22.119135,95,1017.1,1.8953248,0
20200428T0100,21.959135,95,1016.3,1.8837324,0
20200428T0200,21.739136,95,1016,1.9911364,0
20200428T0300,21.549135,95,1015.4,1.9993699,0
20200428T0400,21.509134,95,1015.6,2.1034753,0
20200428T0500,21.359135,95,1015.9,2.1034753,0
20200428T0600,21.489136,94,1016.5,2.161256,0
20200428T0700,22.189135,91,1016.8,2.161256,0
20200428T0800,23.019135,87,1017,2.1510975,0
20200428T0900,23.589134,85,1016.9,2.1460001,0
20200428T1000,23.959135,84,1016.6,2.2001781,0
20200428T1100,24.269135,84,1016.5,2.2796323,0
20200428T1200,24.679134,83,1015.8,2.3864284,0
20200428T1300,24.679134,83,1015.2,2.4875448,0
20200428T1400,24.589134,84,1014.2,2.5516589,0
20200428T1500,24.319136,86,1013.7,2.6742582,0
20200428T1600,23.839134,89,1013.4,2.5687702,0
20200428T1700,23.489136,91,1013.7,2.4698713,0
20200428T1800,22.959135,93,1014.3,2.1663177,0
20200428T1900,22.929134,91,1014.9,1.6874596,0
20200428T2000,22.659136,93,1015.5,1.2923545,0
20200428T2100,22.499136,94,1015.7,0.973318,0
20200428T2200,22.369135,95,1016,0.74,0
20200428T2300,22.239136,95,1015.4,0.52325904,0
20200429T0000,22.149136,95,1015.2,0.5779585,0
20200429T0100,21.979136,96,1014.1,0.76187664,0
20200429T0200,21.769135,96,1013.7,0.93603426,0
20200429T0300,21.579136,96,1013.5,1.1700428,0
20200429T0400,21.409136,95,1013.7,1.1955066,0
20200429T0500,21.219135,95,1014.4,1.2923545,0
20200429T0600,21.269135,95,1015,1.224918,0
20200429T0700,22.109135,92,1015.5,1.3237523,0
20200429T0800,22.999136,90,1015.5,1.2316055,0
20200429T0900,23.849134,88,1015.5,1.2136902,0
20200429T1000,24.719135,84,1015.5,1.2731441,0
20200429T1100,25.399136,80,1015.3,1.4040513,0
20200429T1200,26.179134,77,1014.8,1.7084227,0
20200429T1300,26.159136,78,1014.3,1.99937,0
20200429T1400,25.899136,80,1013.6,2.177663,0
20200429T1500,25.529135,83,1013.2,2.2469697,0
20200429T1600,24.979136,85,1013.1,2.254269,0
20200429T1700,24.349134,88,1013.3,2.1574523,0
20200429T1800,23.569136,92,1014,1.85,0
20200429T1900,23.869135,92,1014.6,1.7913504,0
20200429T2000,23.619135,93,1015.4,1.3604734,0
20200429T2100,23.409136,94,1015.8,0.9476624,0
20200429T2200,23.229136,95,1016.3,0.5966071,0
20200429T2300,23.079136,95,1015.8,0.33093807,0
20200430T0000,22.959135,95,1015.4,0.074,0
20200430T0100,22.819136,95,1014.7,0.16546904,0
20200430T0200,22.599134,95,1014,0.41860723,0
20200430T0300,22.429134,95,1013.7,0.6822463,0
20200430T0400,22.239136,95,1014,0.84372985,0
20200430T0500,22.039135,95,1014.3,1.0280409,0
20200430T0600,22.179134,94,1014.7,1.1582832,0
20200430T0700,23.539135,89,1015,1.258,0
20200430T0800,24.769135,85,1014.9,1.0925969,0
20200430T0900,26.089134,80,1014.6,0.7970044,0
20200430T1000,27.589134,74,1014.4,0.296,0
20200430T1100,28.649136,71,1013.9,0.2668108,0
20200430T1200,28.539135,73,1013.3,0.90328515,0
20200430T1300,28.619135,74,1012.4,1.3962293,0
20200430T1400,29.089134,75,1011.4,1.9296839,0
20200430T1500,28.559135,79,1010.7,2.2372,0
20200430T1600,26.949135,87,1010.8,2.3236473,0
20200430T1700,25.829136,93,1010.9,2.2076323,0
20200430T1800,24.769135,96,1011.4,1.8953248,0
20200430T1900,25.099134,95,1012.9,1.7275474,0
20200430T2000,24.679134,93,1013.2,1.5539999,0
20200430T2100,24.249136,94,1013.4,1.2923545,0
20200430T2200,23.859135,95,1013.3,1.129561,0
20200430T2300,23.449135,96,1013.6,1.155917,0
20200501T0000,23.149136,98,1013.3,1.0307007,0
20200501T0100,22.899136,99,1013,1.1319823,0
20200501T0200,22.789135,97,1012.7,1.332,0
20200501T0300,22.569136,97,1011.5,1.4818488,0
20200501T0400,22.299135,98,1011.5,1.6430666,0
20200501T0500,22.129135,98,1012,1.7275474,0
20200501T0600,22.729136,95,1012.4,1.7589599,0
20200501T0700,24.709135,86,1012.5,1.6695161,0
20200501T0800,26.849134,78,1012.4,1.2204393,0
20200501T0900,28.599134,72,1012.1,1.2558217,0
20200501T1000,29.969135,68,1011.3,1.4983858,0
20200501T1100,30.849134,67,1010.7,1.9254224,0
20200501T1200,31.409136,65,1010.5,2.368,0
20200501T1300,31.489136,67,1009.6,2.5942252,0
20200501T1400,31.189135,69,1008.9,2.812,0
20200501T1500,30.629135,72,1008.5,3.0376074,0
20200501T1600,29.739136,76,1008.3,3.0564775,0
20200501T1700,28.599134,81,1009,3.2366014,0
20200501T1800,27.339134,87,1009.6,3.2128272,0
20200501T1900,26.489136,90,1010.3,3.1880176,0
20200501T2000,25.649136,92,1010.9,2.463211,0
20200501T2100,24.919136,93,1010.9,2.4598742,0
20200501T2200,24.249136,95,1011,2.4598742,0
20200501T2300,23.619135,97,1011.1,2.4273803,0
20200502T0000,23.449135,98,1011.2,2.463211,0
20200502T0100,23.249136,99,1010.5,2.4160748,0
20200502T0200,23.199135,99,1009.7,2.3224688,0
20200502T0300,23.149136,97,1009.5,2.317748,0
20200502T0400,22.969135,97,1009.9,2.1914499,0
20200502T0500,22.809135,97,1010.2,2.0930362,0
20200502T0600,23.559135,95,1010.6,1.9367652,0
20200502T0700,25.679134,87,1010.6,1.9367652,0
20200502T0800,27.609135,80,1010.4,2.0614014,0
20200502T0900,29.309135,75,1010.2,2.1344864,0
20200502T1000,30.849134,70,1009.8,2.3047168,0
20200502T1100,32.039135,67,1009.3,2.443121,0
20200502T1200,32.879135,63,1008.6,2.6475046,0
20200502T1300,33.179134,63,1007.6,2.8860002,0
20200502T1400,33.189137,63,1006.9,3.0231514,0
20200502T1500,32.919136,63,1006.7,3.0663157,0
20200502T1600,32.069138,67,1006.7,3.1360638,0
20200502T1700,30.709135,74,1006.9,3.2761197,0
20200502T1800,28.019135,86,1007.7,3.2844665,0
20200502T1900,26.229136,94,1008.2,3.313515,0
20200502T2000,25.419136,95,1008.6,2.7855866,0
20200502T2100,25.019135,95,1009.1,2.729988,0
20200502T2200,24.569136,95,1009.4,2.781652,0
20200502T2300,24.159136,96,1009.9,2.7499738,0
20200503T0000,23.849134,97,1009.2,2.6444001,0
20200503T0100,23.539135,94,1008.6,2.4963348,0
20200503T0200,23.259134,93,1008.3,2.3864284,0
20200503T0300,23.029135,93,1008.2,2.3130178,0
20200503T0400,22.809135,92,1008.3,2.3047168,0
20200503T0500,22.589134,91,1008.8,2.2951932,0
20200503T0600,23.379135,90,1009.6,2.294,0
20200503T0700,26.239136,84,1009.7,2.1460001,0
20200503T0800,29.179134,73,1010,2.801269,0
20200503T0900,31.259134,65,1009.9,2.459874,0
20200503T1000,32.909134,58,1009.2,2.1510973,0
20200503T1100,34.129135,55,1008.5,2.1460001,0
20200503T1200,34.969135,52,1007.7,2.0574129,0
20200503T1300,35.359135,51,1006.9,1.7898213,0
20200503T1400,35.349136,51,1006.6,1.6629431,0
20200503T1500,34.759136,54,1005.9,1.5974404,0
20200503T1600,33.819134,59,1006.4,1.8866372,0
20200503T1700,32.279137,67,1006.8,2.369156,0
20200503T1800,29.079136,83,1007.4,2.6526704,0
20200503T1900,27.219135,92,1008.3,3.0204332,0
20200503T2000,26.509134,92,1008.8,2.8822029,0
20200503T2100,26.119135,92,1009.6,2.7098553,0
20200503T2200,25.719135,93,1009.8,2.6162949,0
20200503T2300,25.189135,94,1009.9,2.459874,0
20200504T0000,24.759134,96,1009.4,2.369156,0
20200504T0100,24.449135,93,1008.8,2.4092655,0
20200504T0200,24.159136,91,1008.6,2.3783836,0
20200504T0300,23.879135,90,1008.3,2.298769,0
20200504T0400,23.619135,89,1008.2,2.294,0
20200504T0500,23.409136,88,1008.5,2.1460001,0
20200504T0600,24.109135,87,1009.1,2.224928,0
20200504T0700,27.159136,82,1009.4,2.1764054,0
20200504T0800,29.799135,71,1009.8,2.9020834,0
20200504T0900,31.649136,64,1010.4,2.6475046,0
20200504T1000,33.069134,58,1009.7,2.463211,0
20200504T1100,34.259136,55,1009.3,2.3552468,0
20200504T1200,35.049133,52,1008.4,2.5257752,0
20200504T1300,35.329136,52,1007.8,2.517088,0
20200504T1400,35.249134,52,1007.4,2.5984433,0
20200504T1500,34.649136,55,1006.8,2.7380002,0
20200504T1600,33.499134,61,1006.8,3.0421112,0
20200504T1700,31.749136,71,1006.8,3.0921023,0
20200504T1800,28.479136,87,1007.4,2.9784427,0
20200504T1900,27.109135,92,1008.1,2.7924585,0
20200504T2000,26.309135,95,1008.9,2.504001,0
20200504T2100,26.009134,94,1009.7,2.516,0
20200504T2200,25.649136,93,1009.7,2.517088,0
20200504T2300,25.059135,94,1009.6,2.4104016,0
20200505T0000,24.649136,95,1008.7,2.369156,0
20200505T0100,24.259134,96,1007.4,2.2796323,0
20200505T0200,23.969135,96,1007.3,2.369156,0
20200505T0300,23.719135,91,1007.2,2.512733,0
20200505T0400,23.509134,90,1008.1,2.4963348,0
20200505T0500,23.309135,88,1008.5,2.4963348,0
20200505T0600,24.079136,87,1009.1,2.4239943,0
20200505T0700,27.059135,81,1009.2,2.2469697,0
20200505T0800,29.739136,73,1009.5,2.8477986,0
20200505T0900,31.559135,66,1009.3,2.7539537,0
20200505T1000,33.029137,60,1008.8,2.739,0
20200505T1100,34.149136,56,1008.5,2.6732342,0
20200505T1200,34.909134,53,1007.6,2.7098553,0
20200505T1300,35.229134,52,1006.2,2.817836,0
20200505T1400,35.209137,53,1005.9,2.516,0
20200505T1500,34.809135,55,1005.4,2.584709,0
20200505T1600,33.789135,60,1005.6,3.1360638,0
20200505T1700,32.159138,69,1006,3.4495432,0
20200505T1800,29.159136,84,1006.8,3.313515,0
20200505T1900,27.299135,93,1007.7,3.4495432,0
20200505T2000,26.819136,91,1008.4,2.7708032,0
20200505T2100,26.539135,90,1008.9,2.716919,0
20200505T2200,26.089134,90,1008.8,2.6526704,0
20200505T2300,25.669136,89,1008.5,2.6026547,0
20200506T0000,25.869135,95,1007.2,2.9020834,0
20200506T0100,25.719135,94,1006.5,2.8564384,0
20200506T0200,25.559135,92,1006.3,2.9274461,0
20200506T0300,25.329136,92,1006.1,3.0195265,0
20200506T0400,25.159136,90,1006.6,3.1124017,0
20200506T0500,24.959135,89,1007.2,3.1360638,0
20200506T0600,25.669136,88,1007.4,3.0421112,0
20200506T0700,28.499136,81,1007.8,2.9274461,0
20200506T0800,31.079136,73,1008.1,2.7806675,0
20200506T0900,33.079136,65,1007.9,2.5889428,0
20200506T1000,34.679134,60,1007.4,2.520349,0
20200506T1100,35.749134,56,1007,2.520349,0
20200506T1200,36.279137,53,1006.5,2.6277816,0
20200506T1300,36.699135,47,1005.8,2.6814153,0
20200506T1400,36.469135,48,1005.2,2.6824362,0
20200506T1500,35.919136,51,1005,2.915262,0
20200506T1600,34.779137,57,1004.6,3.1880176,0
20200506T1700,32.989136,67,1005.1,3.2844665,0
20200506T1800,29.569136,83,1005.9,3.2128274,0
20200506T1900,28.789135,85,1007,3.1828606,0
20200506T2000,27.869135,89,1007.3,3.1412978,0
20200506T2100,27.379135,92,1007.4,3.1088808,0
20200506T2200,27.029135,93,1007.7,2.9572237,0
20200506T2300,26.689135,94,1007.8,2.8468368,0
20200507T0000,26.349134,95,1007.9,2.7499738,0
20200507T0100,25.989136,95,1007.1,2.668108,0
20200507T0200,25.659136,93,1006.6,2.5516589,0
20200507T0300,25.359135,92,1006.3,2.6026547,0
20200507T0400,25.109135,90,1006.7,2.4408786,0
20200507T0500,24.899136,89,1007.6,2.3517566,0
20200507T0600,25.769135,87,1008,2.369156,0
20200507T0700,28.629135,81,1008.2,2.2951934,0
20200507T0800,31.049135,73,1008.5,2.3864284,0
20200507T0900,32.819134,66,1008.5,2.22,0
20200507T1000,34.189137,60,1008.2,2.2001781,0
20200507T1100,35.129135,56,1007.3,2.298769,0
20200507T1200,35.559135,55,1006.7,2.4160748,0
20200507T1300,35.839134,51,1005.8,2.5484378,0
20200507T1400,35.829136,51,1005.1,2.6526704,0
20200507T1500,35.339134,53,1004.6,2.8178363,0
20200507T1600,34.379135,58,1004.4,2.954445,0
20200507T1700,32.879135,66,1005.1,2.954445,0
20200507T1800,29.799135,83,1006,2.9124432,0
20200507T1900,28.289135,91,1006.1,2.9349186,0
20200507T2000,27.629135,93,1006.8,2.937716,0
20200507T2100,27.169136,96,1006.6,2.827536,0
20200507T2200,27.059135,96,1006.9,2.7098553,0
20200507T2300,26.949135,96,1007,2.551659,0
20200508T0000,26.719135,96,1006.8,2.449836,0
20200508T0100,26.559135,96,1006.4,2.3910131,0
20200508T0200,26.389135,95,1005.4,2.2700038,0
20200508T0300,26.259134,95,1005.1,2.2001781,0
20200508T0400,26.179134,94,1005.6,2.1306348,0
20200508T0500,26.099134,94,1006.6,2.1574523,0
20200508T0600,27.119135,89,1007.4,2.1574523,0
20200508T0700,29.599134,81,1007.8,2.1203294,0
20200508T0800,31.619135,74,1007.8,2.0319705,0
20200508T0900,33.249134,68,1007.3,1.9911364,0
20200508T1000,34.709137,62,1007.2,1.8866372,0
20200508T1100,35.489136,55,1007.1,1.85,0
20200508T1200,35.889133,52,1006.9,1.7651753,0
20200508T1300,36.009136,50,1006.1,1.8544347,0
20200508T1400,35.949135,51,1005.3,2.052083,0
20200508T1500,35.519135,53,1004.6,2.250622,0
20200508T1600,34.809135,56,1004.6,2.4239943,0
20200508T1700,33.529137,63,1005,2.551659,0
20200508T1800,30.529135,80,1005.8,2.4509535,0
20200508T1900,29.179134,87,1006.9,2.4239943,0
20200508T2000,28.499136,91,1007.3,2.265174,0
20200508T2100,27.909136,94,1007.7,2.2001781,0
20200508T2200,27.549135,95,1008.4,2.3047168,0
20200508T2300,27.349134,96,1008.3,2.2796323,0
20200509T0000,27.089134,97,1008.4,2.28563,0
20200509T0100,26.839134,97,1007.7,2.3224688,0
20200509T0200,26.639135,97,1006.9,2.2469697,0
20200509T0300,26.479136,96,1006.7,2.2076323,0
20200509T0400,26.349134,93,1006.9,2.2076323,0
20200509T0500,26.189135,92,1007.4,2.2261581,0
20200509T0600,27.189135,89,1008.3,2.1764054,0
20200509T0700,29.919136,81,1008.9,2.1510973,0
20200509T0800,32.039135,72,1008.7,2.1964417,0
20200509T0900,33.729134,64,1008.5,2.161256,0
20200509T1000,35.129135,56,1008.1,2.250622,0
20200509T1100,35.919136,52,1007.9,2.2076323,0
20200509T1200,36.589134,47,1007.5,2.401297,0
20200509T1300,36.669136,47,1006.6,2.516,0
20200509T1400,36.489136,48,1006,2.581529,0
20200509T1500,36.039135,50,1005.2,2.6814153,0
20200509T1600,35.099136,54,1004.9,2.9124432,0
20200509T1700,33.409134,64,1005.4,3.0805695,0
20200509T1800,29.929134,82,1006,3.0131726,0
20200509T1900,28.629135,90,1007.7,2.4239943,0
20200509T2000,27.849134,94,1008.5,2.4273803,0
20200509T2100,27.409136,95,1009,2.4092655,0
20200509T2200,27.019135,98,1009.3,2.4160745,0
20200509T2300,26.849134,98,1008.9,2.463211,0
20200510T0000,26.989136,96,1008.6,2.4820354,0
20200510T0100,26.919136,96,1008.1,2.584709,0
20200510T0200,26.679134,96,1007.6,2.5559475,0
20200510T0300,26.519135,96,1007.3,2.5984433,0
20200510T0400,26.379135,96,1007.7,2.584709,0
20200510T0500,26.229136,96,1008.5,2.6152484,0
20200510T0600,26.579136,94,1009.1,2.6475046,0
20200510T0700,28.479136,87,1009.2,2.716919,0
20200510T0800,30.779135,79,1009.4,2.7098553,0
20200510T0900,32.639133,70,1009.3,2.777712,0
20200510T1000,34.179134,63,1008.9,2.827536,0
20200510T1100,35.229134,58,1008.1,2.8429873,0
20200510T1200,35.819134,54,1007.6,2.739,0
20200510T1300,36.259136,48,1006.8,2.6905894,0
20200510T1400,36.089134,49,1006.2,2.6936407,0
20200510T1500,35.449135,52,1005.9,2.8362377,0
20200510T1600,34.139133,59,1006,3.12294,0
20200510T1700,32.319138,69,1006.6,3.2128272,0
20200510T1800,29.389135,85,1007.8,2.9830356,0
20200510T1900,28.019135,91,1008.6,2.8945258,0
20200510T2000,27.329136,94,1009.4,2.8333402,0
20200510T2100,26.909136,97,1009.8,2.6732342,0
20200510T2200,26.509134,99,1009.7,2.5655706,0
20200510T2300,26.409136,97,1009.5,2.516,0
20200511T0000,26.449135,96,1009.3,2.584709,0
20200511T0100,26.299135,96,1009,2.6526704,0
20200511T0200,25.929134,96,1008.3,2.6936407,0
20200511T0300,25.699135,96,1008.3,2.762887,0
20200511T0400,25.489136,96,1008.6,2.762887,0
20200511T0500,25.249136,96,1009.4,2.6936407,0
20200511T0600,25.279135,95,1010.2,2.7209468,0
20200511T0700,26.769135,87,1010.6,2.713894,0
20200511T0800,29.189135,79,1010.6,2.6277816,0
20200511T0900,31.359135,71,1010.6,2.6246538,0
20200511T1000,33.169136,60,1010.1,2.777712,0
20200511T1100,34.289135,55,1009.5,2.916201,0
20200511T1200,35.029137,50,1008.6,3.1612813,0
20200511T1300,35.209137,50,1007.6,3.2769554,0
20200511T1400,34.879135,52,1006.8,3.440005,0
20200511T1500,34.089134,55,1006.6,3.589572,0
20200511T1600,32.609135,62,1006.6,3.70074,0
20200511T1700,30.739136,72,1007.3,3.6440775,0
20200511T1800,27.729136,86,1008.7,3.3749192,0
20200511T1900,26.139135,93,1009,3.0921023,0
20200511T2000,25.399136,96,1009.9,3.0122638,0
20200511T2100,25.089134,97,1010.3,2.8736403,0
20200511T2200,25.549135,96,1010.5,2.932119,0
20200511T2300,25.399136,96,1010.9,2.8784003,0
20200512T0000,25.239136,96,1010.5,2.739,0
20200512T0100,24.989136,96,1009.7,2.504001,0
20200512T0200,24.729136,96,1008.8,2.4509535,0
20200512T0300,24.479136,96,1008.5,2.4194717,0
20200512T0400,24.249136,96,1008.8,2.2951934,0
20200512T0500,24.019135,96,1009.5,2.0640562,0
20200512T0600,23.949135,95,1010.4,2.0319705,0
20200512T0700,25.009134,90,1010.8,1.946636,0
20200512T0800,27.059135,82,1010.7,1.6629431,0
20200512T0900,29.329136,73,1010.8,1.6229467,0
20200512T1000,31.069136,66,1010.3,1.8866372,0
20200512T1100,32.029137,62,1010.1,2.1047766,0
20200512T1200,32.519135,60,1009.9,2.442,0
20200512T1300,32.359135,63,1009.4,2.762887,0
20200512T1400,31.739136,68,1009,2.9618495,0
20200512T1500,30.829136,73,1008.6,2.9274461,0
20200512T1600,29.499136,80,1008.7,2.762887,0
20200512T1700,28.029135,88,1009.5,2.3645287,0
20200512T1800,26.449135,95,1010.1,1.8500001,0
20200512T1900,25.789135,97,1010.5,1.946636,0
20200512T2000,26.479136,96,1010.7,1.8020178,0
20200512T2100,26.489136,96,1010.9,1.6890814,0
20200512T2200,26.239136,96,1011.2,1.525549,0
20200512T2300,25.979136,96,1010.8,1.413768,0
20200513T0000,25.819136,96,1010.6,1.3604734,0
20200513T0100,25.559135,96,1010.3,1.2601745,0
20200513T0200,25.289135,96,1009.9,1.1700428,0
20200513T0300,25.049135,96,1009.7,1.1932142,0
20200513T0400,24.789135,96,1010.2,1.2923545,0
20200513T0500,24.579136,96,1010.5,1.334054,0
20200513T0600,24.579136,96,1010.8,1.4291774,0
20200513T0700,24.939135,93,1011.3,1.4040513,0
20200513T0800,25.939135,90,1011.6,1.4291774,0
20200513T0900,27.539135,85,1011.6,1.3962293,0
20200513T1000,29.749136,75,1011.2,1.5732616,0
20200513T1100,31.099134,67,1010.3,1.8866372,0
20200513T1200,31.999136,63,1009.4,2.2700038,0
20200513T1300,32.599136,61,1008.9,2.693641,0
20200513T1400,32.649136,62,1008.2,2.9077387,0
20200513T1500,32.349136,63,1007.7,2.9793618,0
20200513T1600,31.499136,67,1007.3,3.0340002,0
20200513T1700,30.179134,74,1007.8,3.0663157,0
20200513T1800,27.749136,86,1008.9,2.932119,0
20200513T1900,25.889135,97,1010.5,2.5516589,0
20200513T2000,26.369135,96,1010.8,2.449836,0
20200513T2100,26.439135,95,1011.2,2.3610523,0
20200513T2200,26.359135,96,1011.1,2.3047168,0
20200513T2300,26.189135,96,1011,2.2554832,0
20200514T0000,26.019135,96,1010.7,2.2796323,0
20200514T0100,25.799135,96,1010.1,2.1574523,0
20200514T0200,25.519135,96,1009.5,1.9536562,0
20200514T0300,25.299135,96,1009.5,1.9240001,0
20200514T0400,25.089134,96,1009.8,1.8967689,0
20200514T0500,24.899136,96,1009.9,1.7790807,0
20200514T0600,24.929134,95,1010.4,1.7417531,0
20200514T0700,25.669136,91,1011,1.7275474,0
20200514T0800,27.189135,85,1011.1,1.6430666,0
20200514T0900,28.829136,79,1010.9,1.6380599,0
20200514T1000,30.639135,69,1009.8,1.7464628,0
20200514T1100,31.909136,64,1008.9,2.0574129,0
20200514T1200,32.809135,61,1008.1,2.516,0
20200514T1300,33.229134,61,1007.5,2.8477986,0
20200514T1400,33.309135,59,1006.6,3.1194315,0
20200514T1500,32.879135,61,1005.8,3.2761197,0
20200514T1600,31.969135,66,1005.6,3.3242395,0
20200514T1700,30.649136,72,1005.7,3.2534761,0
20200514T1800,28.029135,84,1006.3,3.1124017,0
20200514T1900,26.619135,92,1007.2,3.2869666,0
20200514T2000,26.039135,91,1007.7,2.6814153,0
20200514T2100,25.589134,91,1008,2.551659,0
20200514T2200,25.149136,91,1007.9,2.3400855,0
20200514T2300,24.789135,91,1007.9,2.2076323,0
20200515T0000,24.459135,92,1007.7,2.2796323,0
20200515T0100,24.129135,91,1007.5,2.459874,0
20200515T0200,23.769135,91,1007.3,2.6026547,0
20200515T0300,23.459135,91,1007,2.5687702,0
20200515T0400,23.169136,90,1006.6,2.4698713,0
20200515T0500,22.949135,90,1006.8,2.3864284,0
20200515T0600,23.849134,89,1007.6,2.298769,0
20200515T0700,26.899136,82,1007.9,2.083859,0
20200515T0800,29.689135,72,1008,2.8784003,0
20200515T0900,31.519135,66,1007.2,2.584709,0
20200515T1000,32.999134,61,1006.6,2.073321,0
20200515T1100,34.099136,57,1005.8,2.161256,0
20200515T1200,34.899136,55,1005.2,2.221233,0
20200515T1300,35.099136,54,1004.5,2.2951934,0
20200515T1400,35.109135,51,1004.2,2.6225667,0
20200515T1500,34.499134,53,1004,2.9488792,0
20200515T1600,33.439137,59,1004.2,3.1124017,0
20200515T1700,31.919136,67,1004.4,3.2568407,0
20200515T1800,28.969135,82,1005.1,3.2777908,0
20200515T1900,26.969135,91,1005.9,3.346404,0
20200515T2000,26.399136,90,1006.3,2.7924585,0
20200515T2100,25.929134,91,1006.7,2.6475046,0
20200515T2200,25.599134,89,1007.2,2.5559475,0
20200515T2300,24.929134,89,1006.9,2.459874,0
20200516T0000,24.459135,91,1006.5,2.4239943,0
20200516T0100,24.049135,88,1005.8,2.656796,0
20200516T0200,23.669136,87,1005.5,2.7459884,0
20200516T0300,23.379135,86,1005.7,2.7459884,0
20200516T0400,23.109135,85,1005.9,2.713894,0
20200516T0500,22.899136,84,1006.5,2.6895716,0
20200516T0600,23.919136,83,1007.1,2.45207,0
20200516T0700,27.219135,77,1007.8,2.1663177,0
20200516T0800,30.019135,68,1007.7,2.2975779,0
20200516T0900,31.859135,62,1007.2,2.2844317,0
20200516T1000,33.289135,57,1006.8,2.0467389,0
20200516T1100,34.259136,54,1005.9,1.7913504,0
20200516T1200,35.079136,51,1005.7,1.5888474,0
20200516T1300,35.409134,50,1004.7,1.525549,0
20200516T1400,35.299133,51,1004,1.702,0
20200516T1500,34.739136,53,1003.5,1.998,0
20200516T1600,33.659134,59,1003.8,2.459874,0
20200516T1700,31.839134,68,1003.6,2.7459884,0
20200516T1800,29.299135,83,1004.8,2.7209468,0
20200516T1900,27.519135,92,1005.7,2.8468368,0
20200516T2000,26.869135,92,1006.1,2.3400855,0
20200516T2100,26.289135,94,1006.1,2.259122,0
20200516T2200,26.149136,91,1006.1,2.217532,0
20200516T2300,25.479136,92,1005.7,2.254269,0
20200517T0000,24.979136,93,1005.5,2.3224688,0
20200517T0100,24.559135,94,1005.1,2.6246538,0
20200517T0200,24.219135,90,1004.8,2.7149029,0
20200517T0300,23.939135,89,1005.1,2.693641,0
20200517T0400,23.669136,87,1005.2,2.656796,0
20200517T0500,23.449135,86,1005.4,2.6412923,0
20200517T0600,24.389135,85,1006.1,2.6412923,0
20200517T0700,27.559135,78,1006.3,2.6026547,0
20200517T0800,30.199135,69,1006.7,2.224928,0
20200517T0900,32.039135,63,1006.4,1.9592538,0
20200517T1000,33.649136,58,1005.8,1.8866372,0
20200517T1100,34.879135,54,1004.8,1.8953248,0
20200517T1200,35.579136,52,1004.2,1.6229467,0
20200517T1300,35.899136,49,1003.6,1.2316055,0
20200517T1400,34.099136,59,1003.5,1.277438,0
20200517T1500,33.699135,60,1003.2,1.5610317,0
20200517T1600,32.879135,64,1003.6,1.8720685,0
20200517T1700,31.699135,71,1003.3,2.0851724,0
20200517T1800,30.169136,82,1004,2.1344864,0
20200517T1900,29.039135,85,1004.7,2.2001781,0
20200517T2000,28.309135,85,1005.1,2.4341388,0
20200517T2100,27.639135,85,1005.4,2.3365726,0
20200517T2200,27.029135,84,1005.6,2.1574523,0
20200517T2300,26.509134,82,1005.1,1.99937,0
20200518T0000,26.049135,83,1004.4,1.9239999,0
20200518T0100,25.409136,85,1003.8,1.7821561,0
20200518T0200,24.789135,86,1003.6,1.7898214,0
20200518T0300,24.249136,88,1003.4,1.8004979,0
20200518T0400,23.849134,88,1003.9,1.7417531,0
20200518T0500,23.559135,89,1004.3,1.7589599,0
20200518T0600,25.079136,84,1005,1.6161844,0
20200518T0700,28.939135,74,1005.3,1.2204393,0
20200518T0800,31.519135,65,1005.5,1.3903338,0
20200518T0900,33.229134,60,1005.7,1.2645125,0
20200518T1000,33.799133,57,1005.4,0.89107805,0
20200518T1100,35.219135,52,1004.4,0.66187614,0
20200518T1200,33.469135,70,1003.8,0.43149045,0
20200518T1300,34.329136,62,1003.4,0.45012447,0.4
20200518T1400,33.609135,61,1003.3,0.3985022,0.2
20200518T1500,33.069134,60,1003.1,0.63657206,0
20200518T1600,32.739136,61,1003.3,0.7970044,0
20200518T1700,32.079136,69,1003,1.1000891,0
20200518T1800,30.419136,75,1003.9,1.413768,0
20200518T1900,29.609135,77,1004.6,1.5732616,0
20200518T2000,28.579136,81,1004.8,1.5680319,0
20200518T2100,27.609135,85,1005.4,1.721196,0
20200518T2200,26.659136,88,1005.4,1.8676755,0
20200518T2300,25.669136,91,1005.4,1.7913504,0
20200519T0000,25.309135,91,1004.9,1.3903338,0
20200519T0100,24.969135,91,1004.5,1.2046328,0
20200519T0200,24.989136,89,1004.1,1.266676,0
20200519T0300,24.849134,89,1004,1.4079461,0
20200519T0400,24.749136,88,1004.3,1.629681,0
20200519T0500,24.549135,89,1005.1,1.7036079,0
20200519T0600,25.729136,86,1005.6,1.5819392,0
20200519T0700,29.099134,77,1005.7,1.3503733,0
20200519T0800,31.529135,68,1005.8,1.677696,0
20200519T0900,33.399136,61,1005.6,1.2046328,0
20200519T1000,34.969135,55,1005,0.90328515,0
20200519T1100,36.099136,50,1004.4,0.46801713,0
20200519T1200,36.589134,48,1003.9,0.5336216,0
20200519T1300,36.649136,48,1003.2,0.80043244,0
20200519T1400,36.529137,47,1002.9,0.973318,0
20200519T1500,36.069134,48,1002.6,1.334054,0
20200519T1600,35.139133,52,1002.7,1.8514794,0
20200519T1700,32.639133,67,1002.9,2.072,0
20200519T1800,30.399136,79,1003.9,1.8632724,0
20200519T1900,29.099134,83,1005.1,1.8020178,0
20200519T2000,28.339134,84,1005.6,1.702,0
20200519T2100,27.799135,84,1005.8,1.6161844,0
20200519T2200,27.169136,83,1006,1.5940088,0
20200519T2300,26.739136,82,1006.1,1.6229467,0
20200520T0000,26.989136,89,1005.5,1.332,0
20200520T0100,26.449135,90,1005.3,1.3644925,0
20200520T0200,25.639135,92,1004.7,1.4983858,0
20200520T0300,24.979136,93,1004.6,1.457631,0
20200520T0400,24.409136,93,1004.7,1.4892213,0
20200520T0500,24.269135,92,1005.3,1.457631,0
20200520T0600,25.319136,88,1006,1.4291774,0
20200520T0700,28.929134,77,1006.6,1.3824341,0
20200520T0800,31.379135,69,1006.8,1.1932142,0
20200520T0900,33.069134,61,1006.6,0.973318,0
20200520T1000,34.219135,56,1005.8,0.96484196,0
20200520T1100,34.969135,53,1004.9,1.0672432,0
20200520T1200,35.489136,52,1004.3,1.334054,0
20200520T1300,35.719135,52,1003.9,0.96484196,0
20200520T1400,34.749134,60,1004.1,0.666,0
20200520T1500,33.139133,65,1003.9,1.1271344,0.1
20200520T1600,33.649136,62,1003.4,1.525549,0
20200520T1700,32.669136,67,1003.8,1.8500001,0
20200520T1800,30.119135,82,1004.4,1.8559105,0
20200520T1900,29.839134,82,1006.1,1.942412,0
20200520T2000,28.959135,86,1007.1,2.1344864,0
20200520T2100,28.429134,88,1007.4,1.970402,0
20200520T2200,28.039135,89,1007,2.019807,0
20200520T2300,27.309135,91,1006.1,2.073321,0
20200521T0000,26.789135,92,1005.5,1.8735304,0
20200521T0100,26.369135,92,1005.2,1.8559105,0
20200521T0200,25.919136,92,1004.4,1.7775412,0
20200521T0300,25.509134,93,1004.4,1.628,0
20200521T0400,25.369135,92,1004.8,1.6430666,0
20200521T0500,25.239136,91,1005.3,1.721196,0
20200521T0600,26.149136,88,1005.8,1.457631,0
20200521T0700,29.049135,79,1006.3,1.4291774,0
20200521T0800,31.069136,70,1006,1.4234184,0
20200521T0900,32.399136,65,1005.5,1.1582832,0
20200521T1000,33.519135,60,1004.9,0.76187664,0
20200521T1100,34.219135,57,1004.4,0.518,0
20200521T1200,34.729134,55,1003.9,0.63225627,0
20200521T1300,34.899136,55,1003.5,0.76187664,0
20200521T1400,34.699135,56,1002.9,0.89107805,0
20200521T1500,34.339134,58,1002.9,0.7725827,0
20200521T1600,33.469135,67,1003,0.8880001,0.2
20200521T1700,31.799135,79,1003.6,1.1198232,0.2
20200521T1800,30.099134,86,1004.2,1.4040513,0
20200521T1900,31.389135,70,1005.7,1.413768,0
20200521T2000,30.129135,75,1006,1.8544347,0
20200521T2100,29.359135,77,1006.1,1.966229,0
20200521T2200,28.509134,80,1006.5,2.0640562,0
20200521T2300,27.609135,83,1006.1,2.077279,0
20200522T0000,26.909136,85,1006.3,2.077279,0
20200522T0100,26.299135,86,1004.7,2.1190376,0
20200522T0200,25.749136,87,1004.3,2.1306348,0
20200522T0300,25.239136,88,1003.3,2.019807,0
20200522T0400,24.789135,88,1003.4,1.970402,0
20200522T0500,24.439135,88,1003.8,1.970402,0
20200522T0600,25.329136,85,1004.5,1.7259618,0
20200522T0700,28.989136,77,1005.2,1.525549,0
20200522T0800,31.329136,68,1005.3,1.525549,0
20200522T0900,32.909134,62,1004.9,1.334054,0
20200522T1000,34.329136,56,1004.5,1.0595188,0
20200522T1100,35.559135,53,1003.8,1.0065087,0
20200522T1200,36.519135,50,1002.9,1.1700428,0
20200522T1300,37.009136,49,1002.5,0.7970044,0
20200522T1400,35.669136,58,1002.6,0.37,0.3
20200522T1500,33.059135,76,1002.8,1.0774562,0.4
20200522T1600,33.559135,68,1002.7,1.4234185,0
20200522T1700,33.049133,71,1003.3,1.4079461,0
20200522T1800,31.099134,83,1003.9,1.4234185,0
20200522T1900,29.959135,86,1004.8,1.5237533,0
20200522T2000,29.389135,89,1005.5,1.5732616,0
20200522T2100,29.009134,90,1005.8,1.6546904,0
20200522T2200,28.749136,91,1006.2,1.6874596,0
20200522T2300,28.509134,91,1006.1,1.6347134,0
20200523T0000,28.109135,91,1005.5,1.4079461,0
20200523T0100,27.639135,92,1005.1,1.1487889,0
20200523T0200,27.199135,92,1004.7,1.0307007,0
20200523T0300,26.789135,92,1004.3,1.129561,0
20200523T0400,26.459135,92,1004.4,1.1000891,0
20200523T0500,26.199135,91,1004.9,0.83721447,0
20200523T0600,26.809135,88,1005.4,0.69811463,0
20200523T0700,28.709135,85,1005.9,0.20930362,0
20200523T0800,30.789135,74,1006.4,0,0
20200523T0900,32.189137,68,1006.7,0.2668108,0
20200523T1000,33.889133,61,1006.2,0.5966071,0
20200523T1100,34.609135,56,1005.7,0.5336216,0
20200523T1200,32.129135,74,1005.7,0.9476624,0.4
20200523T1300,31.769135,75,1005.5,0.89107805,0
20200523T1400,32.939137,69,1004.7,0.73256266,0
20200523T1500,32.009136,76,1004.6,0.5966071,0.9
20200523T1600,29.919136,89,1004.8,0.5966071,0.8
20200523T1700,29.779135,93,1005.1,0.6700985,0.2
20200523T1800,29.179134,91,1005.4,0.6700985,0
20200523T1900,29.209135,89,1006.7,1.1319823,0
20200523T2000,28.699135,91,1007.5,0.69811463,0
20200523T2100,28.359135,93,1008.2,0.70202565,0
20200523T2200,28.179134,93,1008.5,0.518,0
20200523T2300,27.929134,93,1008.4,0.45012447,0
20200524T0000,27.439135,95,1007.9,0.45012447,0
20200524T0100,26.959135,94,1006.7,0.46801713,0
20200524T0200,26.559135,94,1006.3,0.5336216,0
20200524T0300,26.209135,94,1006.4,0.5336216,0
20200524T0400,25.859135,93,1006.7,0.5779585,0
20200524T0500,25.409136,92,1007.5,0.63657206,0
20200524T0600,26.349134,90,1008.1,0.63657206,0
20200524T0700,29.079136,82,1008.8,0.37,0
20200524T0800,30.549135,76,1009.1,0.62791085,0.1
20200524T0900,30.799135,79,1009.1,0.73256266,0.5
20200524T1000,29.939135,79,1009.5,1.1000891,0.8
20200524T1100,29.559135,76,1009.2,1.0595188,0
20200524T1200,29.509134,76,1008.6,1.0595188,0
20200524T1300,31.519135,69,1008,1.1319823,0
20200524T1400,32.029137,66,1007.4,1.0065087,0
20200524T1500,32.129135,65,1006.8,0.89414537,0
20200524T1600,31.869135,66,1006.4,0.92721736,0
20200524T1700,31.419136,68,1006.5,0.96484196,0
20200524T1800,30.239136,76,1007.2,0.89107805,0
20200524T1900,27.339134,93,1008.9,2.739,0
20200524T2000,26.859135,95,1009.2,2.4643223,0
20200524T2100,26.859135,95,1009.5,2.1964417,0
20200524T2200,26.729136,95,1009.4,1.9856285,0
20200524T2300,26.609135,95,1009.5,2.021162,0
20200525T0000,26.429134,95,1009.4,2.1864464,0
20200525T0100,26.269135,94,1008.5,2.0467389,0
20200525T0200,26.189135,93,1007.9,1.8559105,0
20200525T0300,26.079136,93,1007.6,1.7760001,0
20200525T0400,25.829136,92,1007.6,1.7084227,0
20200525T0500,25.619135,92,1008.1,1.4965575,0
20200525T0600,26.559135,89,1008.7,1.4040513,0
20200525T0700,29.049135,82,1009.1,1.224918,0
20200525T0800,31.219135,70,1009.3,1.6008649,0
20200525T0900,32.929134,65,1009.1,1.4595082,0
20200525T1000,34.199135,59,1008.3,1.155917,0
20200525T1100,35.249134,56,1008.2,0.7546549,0
20200525T1200,35.799133,54,1007.9,1.155917,0
20200525T1300,32.709137,73,1007.5,1.7259618,0.3
20200525T1400,33.079136,70,1006.6,1.85,0
20200525T1500,33.739136,65,1006.9,2.0319705,0.2
20200525T1600,31.519135,79,1006.9,1.677696,0.2
20200525T1700,31.289135,79,1007,1.4214936,0
20200525T1800,30.159136,85,1007.6,1.3584595,0
20200525T1900,29.529135,86,1008.5,1.4538693,0
20200525T2000,28.839134,85,1008.9,1.7275474,0
20200525T2100,28.089134,84,1009.3,1.9592538,0
20200525T2200,27.149136,83,1009.4,2.1306348,0
20200525T2300,26.169136,84,1009.9,2.094344,0
20200526T0000,25.529135,86,1009.6,2.0467389,0
20200526T0100,24.869135,88,1008.1,1.8866372,0
20200526T0200,24.469135,88,1007.6,1.8866372,0
20200526T0300,24.299135,88,1006.9,2.0130174,0
20200526T0400,24.469135,87,1007,1.966229,0
20200526T0500,25.399136,82,1007.3,1.8276651,0
20200526T0600,25.829136,82,1008.4,1.7338754,0
20200526T0700,26.049135,85,1009.2,1.7036079,0
20200526T0800,27.799135,81,1009.4,1.9536562,0
20200526T0900,30.399136,72,1009.1,2.177663,0
20200526T1000,33.299133,60,1008,1.6695161,0
20200526T1100,34.629135,55,1007.6,0.92721736,0
20200526T1200,35.389133,53,1007.4,0.3985022,0
20200526T1300,35.539135,54,1006.3,0.66187614,0
20200526T1400,34.049133,63,1005.7,1.3903338,0.2
20200526T1500,31.099134,82,1006.3,1.7651753,0.9
20200526T1600,30.179134,86,1006.7,2.0574129,0.9
20200526T1700,29.249136,90,1007.4,2.0130177,0.7
20200526T1800,28.479136,94,1008.2,1.258,0
20200526T1900,28.159136,93,1009,0.2668108,0
20200526T2000,27.839134,92,1009.3,1.7589599,0
20200526T2100,27.719135,90,1009.7,1.890986,0
20200526T2200,27.309135,88,1009.6,1.85,0
20200526T2300,26.919136,86,1010.1,1.7821561,0
20200527T0000,27.329136,95,1009.9,1.334054,0
20200527T0100,27.109135,96,1008.7,1.2923545,0
20200527T0200,26.849134,94,1007.7,1.2046328,0
20200527T0300,26.439135,94,1007.2,1.1863103,0
20200527T0400,26.149136,93,1007.6,1.11,0
20200527T0500,25.939135,92,1008.6,1.0465181,0
20200527T0600,26.669136,92,1009.4,1.1700428,0
20200527T0700,28.799135,87,1009.9,1.3237523,0
20200527T0800,28.619135,86,1009.9,1.4983858,0.3
20200527T0900,28.539135,87,1009.8,1.629681,3.5
20200527T1000,29.039135,84,1009.9,1.5888474,1.3
20200527T1100,28.589134,82,1009.5,1.525549,0.5
20200527T1200,28.459135,82,1008.9,1.0465181,0
20200527T1300,29.059135,82,1008.4,0.89107805,0.4
20200527T1400,28.699135,82,1008.3,0.8173567,0.2
20200527T1500,28.499136,83,1007.8,0.74,0.1
20200527T1600,28.039135,84,1007.5,0.7546549,0
20200527T1700,28.299135,84,1008.1,0.8629809,0
20200527T1800,27.809135,86,1008.6,0.6822463,0
20200527T1900,26.969135,95,1009.5,1.8866372,0
20200527T2000,26.739136,97,1010,1.457631,0
20200527T2100,26.509134,98,1010.1,0.96484196,0
20200527T2200,26.649136,97,1010.1,0.5966071,0
20200527T2300,26.529135,97,1010.4,0.4738312,0
20200528T0000,26.439135,97,1010.4,0.8437298,0
20200528T0100,26.269135,97,1009.1,0.89107805,0
20200528T0200,26.139135,97,1008.3,0.7436908,0
20200528T0300,26.009134,97,1008.2,0.666,0
20200528T0400,26.019135,97,1008.7,0.7436908,0
20200528T0500,25.929134,97,1008.9,0.7546549,0
20200528T0600,26.049135,96,1009.2,0.518,0
20200528T0700,26.879135,93,1009.5,0.3985022,0
20200528T0800,26.979136,93,1009.5,0.3985022,0.7
20200528T0900,27.279135,92,1010.1,0.66187614,0.9
20200528T1000,27.519135,88,1010.2,0.8880001,0.8
20200528T1100,27.619135,87,1009.9,0.89107805,0.5
20200528T1200,27.629135,87,1009,0.8880001,0
20200528T1300,28.329136,85,1008.5,0.7725827,0
20200528T1400,28.179134,83,1007.8,0.7970044,0
20200528T1500,28.699135,82,1007.4,0.8273452,0
20200528T1600,28.139135,84,1007.8,0.96484196,0.1
20200528T1700,28.179134,85,1008,1.11,0
20200528T1800,27.519135,88,1008.4,1.11,0
20200528T1900,26.579136,93,1009.3,0.6700985,0
20200528T2000,26.329136,95,1009.9,0.76187664,0
20200528T2100,26.169136,95,1010.2,0.69811463,0
20200528T2200,26.049135,96,1010.2,0.73256266,0
20200528T2300,25.869135,97,1010.3,0.84372985,0
20200529T0000,25.569136,98,1009.9,1.3237523,0
20200529T0100,25.549135,96,1009,1.5557609,0
20200529T0200,25.269135,99,1008.3,1.7036079,0
20200529T0300,25.169136,99,1008.2,1.85,0
20200529T0400,25.159136,99,1008.4,1.7898213,0
20200529T0500,25.449135,97,1008.9,1.5237533,0
20200529T0600,26.439135,94,1009.2,1.5398402,0
20200529T0700,27.889135,87,1009.8,1.5398402,0
20200529T0800,27.529135,90,1010.1,1.4214936,1.9
20200529T0900,27.659136,88,1010.2,1.5610317,2.6
20200529T1000,27.609135,91,1010.8,1.5539999,0.4
20200529T1100,27.429134,90,1009.9,1.4368201,0
20200529T1200,27.549135,89,1009.5,1.266676,0
20200529T1300,27.749136,88,1009,0.96199995,0
20200529T1400,28.049135,86,1008.6,1.0307007,0
20200529T1500,28.369135,84,1008.2,1.457631,0
20200529T1600,28.139135,85,1008.3,1.4291774,0.4
20200529T1700,27.429134,88,1008.4,1.4538693,0
20200529T1800,26.909136,91,1008.6,1.6380599,0
20200529T1900,28.189135,88,1008.8,2.3829837,0
20200529T2000,27.769135,89,1010.1,2.777712,0
20200529T2100,27.299135,91,1010.7,3.042111,0
20200529T2200,27.079136,92,1010.6,3.059164,0
20200529T2300,26.879135,92,1010,3.051098,0
20200530T0000,26.709135,92,1009.7,2.656796,0
20200530T0100,26.539135,91,1009.3,2.369156,0
20200530T0200,26.189135,91,1009.3,2.5559475,0
20200530T0300,25.739136,91,1009.2,2.7806675,0
20200530T0400,25.439135,91,1009.8,2.6246538,0
20200530T0500,25.189135,91,1009.7,2.1357687,0
20200530T0600,25.959135,90,1009.9,1.8141325,0
20200530T0700,28.199135,85,1010.7,1.8544347,0
20200530T0800,29.819136,78,1011.3,2.0574129,0
20200530T0900,30.789135,74,1011.3,1.992511,0
20200530T1000,29.719135,74,1011.3,2.021162,0
20200530T1100,29.929134,72,1010.9,2.1864464,0
20200530T1200,29.859135,73,1010.3,2.052083,0
20200530T1300,30.959135,70,1010.4,1.7542838,0
20200530T1400,30.759134,69,1010,1.7036079,0
20200530T1500,30.739136,71,1009.5,1.9911364,0
20200530T1600,30.429134,73,1009.2,2.1510975,0.1
20200530T1700,29.459135,81,1009.5,1.8953248,0
20200530T1800,28.579136,86,1009.9,2.0467389,0
20200530T1900,28.629135,87,1010.2,2.3552468,0
20200530T2000,28.139135,89,1010.9,2.4273803,0
20200530T2100,27.819136,91,1011,2.3224685,0
20200530T2200,27.509134,92,1010.7,2.254269,0
20200530T2300,27.309135,92,1010.7,2.369156,0
20200531T0000,27.139135,91,1010.7,2.1190376,0
20200531T0100,27.049135,91,1010.9,2.0130177,0
20200531T0200,26.759134,91,1009.9,2.3552468,0
20200531T0300,26.469135,91,1009.7,2.4731946,0
20200531T0400,26.189135,91,1010.2,2.9967716,0
20200531T0500,25.869135,91,1010.7,3.1880176,0
20200531T0600,26.339134,90,1011.1,3.303584,0
20200531T0700,28.189135,85,1011.2,2.8323736,0
20200531T0800,29.689135,80,1011.2,2.1964417,0
20200531T0900,31.199135,74,1011.5,1.8953248,0
20200531T1000,29.999136,83,1011.7,2.0467389,1.1
20200531T1100,30.129135,80,1011.3,1.890986,0.3
20200531T1200,29.619135,76,1010.7,1.6380599,0
20200531T1300,30.159136,74,1010.1,1.7275474,0
20200531T1400,30.449135,73,1009.2,1.6430666,0
20200531T1500,30.509134,72,1008.6,1.340197,0
20200531T1600,30.379135,74,1008.4,1.1487889,0
20200531T1700,30.029135,78,1008.8,1.0065087,0
20200531T1800,28.989136,83,1009.5,1.0925969,0
20200531T1900,29.509134,80,1009.4,2.073321,0
20200531T2000,29.189135,82,1010.1,1.9367653,0
20200531T2100,28.999136,83,1010.7,1.8676755,0
20200531T2200,28.659136,85,1010.5,1.8544347,0
20200531T2300,28.399136,85,1010.4,1.992511,0
20200601T0000,27.969135,87,1010.1,1.9745661,0
20200601T0100,27.339134,88,1009.2,1.946636,0
20200601T0200,26.709135,89,1008.5,1.7275474,0
20200601T0300,26.429134,90,1008.6,1.1932142,0
20200601T0400,26.329136,90,1009.4,1.457631,0
20200601T0500,26.139135,91,1010.2,1.6890814,0
20200601T0600,27.119135,89,1010.8,1.9424119,0
20200601T0700,28.869135,82,1010.7,2.019807,0
20200601T0800,30.219135,76,1010.5,2.1851938,0
20200601T0900,29.949135,77,1011.2,2.1190374,0.3
20200601T1000,30.339134,77,1010.8,1.7898213,0.2
20200601T1100,30.669136,71,1009.9,1.7275474,0
20200601T1200,31.269135,67,1009.7,1.9536561,0
20200601T1300,31.459135,66,1009.3,1.8866372,0
20200601T1400,31.319136,67,1009.1,1.7036079,0
20200601T1500,31.149136,66,1008.9,1.3604734,0
20200601T1600,30.329136,70,1008.6,1.155917,0
20200601T1700,30.109135,73,1008.7,1.5183531,0
20200601T1800,28.959135,83,1009.4,1.7913504,0
20200601T1900,28.969135,83,1009.4,1.955057,0
20200601T2000,28.149136,87,1009.9,2.0130177,0
20200601T2100,27.659136,89,1010.1,2.0467389,0
20200601T2200,27.309135,91,1010.3,2.0130177,0
20200601T2300,26.969135,92,1009.8,1.9536562,0
20200602T0000,26.619135,93,1009.7,1.9025341,0
20200602T0100,26.279135,91,1009,2.003474,0
20200602T0200,25.899136,91,1008.2,1.998,0
20200602T0300,25.339134,91,1007.6,2.1460001,0
20200602T0400,25.059135,89,1007.7,1.8514794,0
20200602T0500,24.779135,88,1008.4,1.6430666,0
20200602T0600,25.619135,88,1009,1.6695161,0
20200602T0700,28.249136,82,1009.2,1.7084227,0
20200602T0800,30.079136,75,1009.2,1.7898213,0
20200602T0900,31.319136,70,1009,1.9536561,0
20200602T1000,32.239136,66,1008.7,1.85,0
20200602T1100,32.629135,64,1008.4,1.6229467,0
20200602T1200,32.599136,62,1008.3,1.3604734,0
20200602T1300,30.149136,72,1008.8,1.0672432,0.2
20200602T1400,30.369135,74,1008.3,0.92721736,0.2
20200602T1500,29.909136,77,1008.3,0.69811463,0.4
20200602T1600,29.339134,76,1007.2,0.90328515,0
20200602T1700,29.209135,77,1007,1.1932142,0
20200602T1800,28.299135,83,1007.6,1.4214936,0
20200602T1900,28.439135,86,1008.5,2.1764054,0
20200602T2000,27.859135,88,1009.1,2.2554832,0
20200602T2100,27.629135,89,1009.3,2.1964417,0
20200602T2200,27.419136,90,1009.2,2.1851938,0
20200602T2300,27.129135,91,1009,2.3224688,0
20200603T0000,27.219135,90,1008.4,2.3400855,0
20200603T0100,27.049135,90,1007.6,2.2975779,0
20200603T0200,26.779135,90,1006.8,2.0930362,0
20200603T0300,26.489136,90,1006.9,1.8632724,0
20200603T0400,26.179134,90,1006.8,1.3503733,0
20200603T0500,25.959135,90,1007.4,1.1319823,0
20200603T0600,26.509134,89,1007.7,1.0595188,0
20200603T0700,28.839134,81,1008.9,0.92721736,0
20200603T0800,29.809135,73,1008.4,1.1000891,0
20200603T0900,31.109135,68,1008.1,1.0386395,0
20200603T1000,32.229137,64,1007.5,1.1700428,0
20200603T1100,33.139133,61,1007,1.1700428,0
20200603T1200,33.729134,59,1006.7,1.5237533,0
20200603T1300,33.909134,59,1006.1,1.7259618,0
20200603T1400,33.789135,59,1005.5,1.7913504,0
20200603T1500,32.789135,65,1004.9,1.7913504,0
20200603T1600,30.669136,72,1005.1,1.8953248,0
20200603T1700,31.479136,72,1005.4,2.221233,0
20200603T1800,29.899136,82,1005.9,2.4160748,0
20200603T1900,28.589134,87,1007,2.5462883,0
20200603T2000,28.069136,86,1007.5,2.7895155,0
20200603T2100,27.529135,86,1008.1,2.7459884,0
20200603T2200,26.839134,85,1008.4,2.5257752,0
20200603T2300,26.159136,83,1008.3,2.3691561,0
20200604T0000,25.519135,85,1007.1,2.2951932,0
20200604T0100,24.779135,87,1006.3,2.516,0
20200604T0200,24.119135,88,1005.5,2.664,0
20200604T0300,23.539135,90,1005.2,2.5203493,0
20200604T0400,23.149136,90,1005.5,2.077279,0
20200604T0500,22.899136,91,1006.4,1.7164172,0
20200604T0600,24.299135,87,1007.3,1.4818488,0
20200604T0700,27.829136,79,1008,1.48,0
20200604T0800,30.079136,72,1007.6,1.258,0
20200604T0900,31.639135,67,1007.5,1.2601745,0
20200604T1000,32.609135,64,1007.2,0.37732744,0.1
20200604T1100,33.679134,60,1007.7,1.6347134,0
20200604T1200,30.409136,77,1007.4,2.6225667,0.6
20200604T1300,31.799135,75,1006.5,3.243362,0
20200604T1400,29.819136,83,1006.3,2.8784003,0.8
20200604T1500,30.439135,80,1006,2.3691561,0
20200604T1600,29.639135,83,1006.1,2.0560818,0
20200604T1700,29.679134,86,1006.1,1.8276651,0
20200604T1800,28.569136,90,1006.1,1.7898213,0
20200604T1900,28.129135,91,1007,1.9197261,0
20200604T2000,27.839134,88,1007.2,2.2076323,0
20200604T2100,27.359135,87,1007.5,2.073321,0
20200604T2200,26.669136,85,1007.4,1.8020178,0
20200604T2300,25.779135,86,1007.6,1.457631,0
20200605T0000,25.059135,88,1007.1,1.4983858,0
20200605T0100,24.329136,90,1006.7,1.7589599,0
20200605T0200,24.199135,89,1006.3,1.7084227,0
20200605T0300,24.439135,88,1006.3,1.6629431,0
20200605T0400,24.649136,87,1006.4,1.457631,0
20200605T0500,24.729136,86,1006.9,1.5819392,0
20200605T0600,25.679134,85,1007.2,2.323647,0
20200605T0700,28.149136,80,1008,2.9830356,0
20200605T0800,30.199135,72,1007.7,2.0319705,0
20200605T0900,31.719135,66,1007.4,1.7898213,0
20200605T1000,32.839134,63,1006.8,1.7036079,0.3
20200605T1100,34.169136,57,1006.7,1.7259618,0
20200605T1200,32.209137,70,1006.8,1.8544347,0
20200605T1300,30.629135,78,1006.7,2.0319705,0.9
20200605T1400,32.239136,72,1005.4,1.8866372,0
20200605T1500,31.789135,74,1005.8,1.7790807,0
20200605T1600,30.579136,79,1005.8,1.4079461,0
20200605T1700,29.419136,87,1006.4,1.48,0
20200605T1800,28.289135,90,1007,1.7898214,0
20200605T1900,27.469135,91,1007.8,2.0130174,0
20200605T2000,27.079136,87,1007.7,1.942412,0
20200605T2100,26.929134,85,1007.7,1.7898214,0
20200605T2200,26.809135,84,1007.4,1.7775412,0
20200605T2300,26.819136,83,1007.4,1.8735304,0
20200606T0000,25.799135,87,1006.4,1.942412,0
20200606T0100,25.309135,87,1006,2.021162,0
20200606T0200,24.979136,87,1005.2,2.1203294,0
20200606T0300,24.379135,89,1004.6,2.1203294,0
20200606T0400,23.539135,92,1004.9,1.5237533,0
20200606T0500,23.339134,92,1005.7,1.1700428,0
20200606T0600,24.799135,88,1006.5,0.7288155,0
20200606T0700,28.209135,80,1007.5,0.23400857,0
20200606T0800,30.279135,73,1007.8,1.569777,0
20200606T0900,31.809135,67,1007.3,1.6874597,0
20200606T1000,32.929134,63,1006.7,1.1700428,0.3
20200606T1100,34.659134,56,1006.6,0.5966071,0
20200606T1200,31.799135,67,1006.8,1.2046328,0.2
20200606T1300,33.469135,72,1006.6,1.7589599,0
20200606T1400,33.129135,66,1006.7,1.7898214,0.3
20200606T1500,31.079136,81,1006.3,1.4368201,0.4
20200606T1600,31.449135,72,1005.7,1.3091936,0
20200606T1700,31.419136,72,1006.1,1.3962293,0
20200606T1800,30.229136,78,1006.8,1.6008649,0
20200606T1900,29.259134,82,1007.3,1.955057,0
20200606T2000,28.199135,84,1007.4,2.3130178,0
20200606T2100,27.089134,87,1007.9,2.4104016,0
20200606T2200,26.009134,88,1008.1,2.4194717,0
20200606T2300,25.019135,88,1007.8,2.3165665,0
20200607T0000,24.609135,88,1007.5,2.250622,0
20200607T0100,24.219135,88,1006.6,2.3224685,0
20200607T0200,23.729136,88,1005.7,2.094344,0
20200607T0300,23.309135,89,1005.5,1.7898213,0
20200607T0400,22.999136,89,1006.1,1.334054,0
20200607T0500,22.969135,89,1006.5,1.036,0
20200607T0600,24.369135,86,1007.2,0.96484196,0
20200607T0700,26.059135,86,1007.3,1.4214936,0
20200607T0800,28.849134,76,1007.5,1.85,0
20200607T0900,31.679134,66,1006.8,1.8676755,0
20200607T1000,33.519135,58,1006.1,1.6546904,0
20200607T1100,34.769135,54,1005.5,0.666,0
20200607T1200,35.309135,53,1005.3,0.23400857,0
20200607T1300,35.549133,52,1004.9,0.7436908,0
20200607T1400,35.469135,53,1004.2,1.11,0
20200607T1500,34.729134,56,1004,1.340197,0
20200607T1600,34.189137,56,1004.2,1.334054,0
20200607T1700,33.209137,60,1004.5,1.5680319,0
20200607T1800,31.049135,74,1005,1.7322956,0
20200607T1900,29.529135,77,1005.4,2.0560818,0
20200607T2000,28.499136,79,1005.7,1.8720685,0
20200607T2100,27.739136,80,1006.1,1.85,0
20200607T2200,26.959135,79,1006.3,1.8632724,0
20200607T2300,25.659136,80,1006.1,1.8020178,0
20200608T0000,24.559135,83,1005.9,1.8065703,0
20200608T0100,23.789135,84,1005.4,2.0467389,0
20200608T0200,22.979136,86,1005.3,2.250622,0
20200608T0300,22.329136,86,1005.3,2.3023396,0
20200608T0400,21.779135,87,1005.1,2.3598924,0
20200608T0500,21.359135,87,1005.1,2.3691561,0
20200608T0600,22.409136,85,1005.6,2.2076323,0
20200608T0700,26.979136,79,1006,1.9424119,0
20200608T0800,30.579136,67,1006.4,1.677696,0
20200608T0900,32.529137,60,1006.9,1.468858,0
20200608T1000,33.799133,55,1006.1,0.90328515,0
20200608T1100,34.759136,53,1005.9,0.20930362,0
20200608T1200,35.349136,52,1005.3,0.31395543,0
20200608T1300,35.599136,52,1004.7,0.7725827,0
20200608T1400,35.589134,53,1004.2,1.184,0
20200608T1500,35.179134,54,1003.8,1.6695161,0
20200608T1600,33.249134,63,1003.6,1.9745661,0
20200608T1700,32.949135,66,1004.1,2.1914499,0
20200608T1800,30.709135,80,1004.7,2.317748,0
20200608T1900,28.859135,86,1005.6,2.4194717,0
20200608T2000,28.519135,84,1006.3,1.890986,0
20200608T2100,27.839134,82,1006.9,1.8141325,0
20200608T2200,27.139135,80,1007.3,2.072,0
20200608T2300,26.419136,78,1007.1,1.9296838,0
20200609T0000,25.929134,79,1006.9,1.9592538,0
20200609T0100,24.959135,82,1006.5,1.942412,0
20200609T0200,24.109135,84,1006.1,1.992511,0
20200609T0300,23.499136,86,1005.3,1.8967689,0
20200609T0400,23.049135,87,1005.4,1.8020178,0
20200609T0500,22.859135,87,1005.8,1.7882907,0
20200609T0600,24.089134,84,1006.4,1.5940088,0
20200609T0700,28.059135,79,1007,1.1932142,0
20200609T0800,30.679134,69,1006.8,1.2046328,0
20200609T0900,32.249138,65,1007,1.258,0
20200609T1000,33.409134,62,1006.7,1.4651253,0
20200609T1100,34.159134,60,1006,1.6008649,0
20200609T1200,34.519135,58,1005.8,1.6546904,0
20200609T1300,34.579136,56,1005.3,1.5940088,0
20200609T1400,34.169136,59,1004.8,1.5451654,0
20200609T1500,32.369137,66,1005,1.5974404,0
20200609T1600,31.779135,70,1005.5,1.6161844,0
20200609T1700,31.769135,72,1005.8,1.6380599,0
20200609T1800,29.939135,84,1006,1.8559105,0
20200609T1900,28.619135,87,1006.7,2.1574523,0
20200609T2000,27.839134,92,1007.3,2.161256,0
20200609T2100,27.409136,95,1008.2,2.1976879,0
20200609T2200,27.189135,96,1008.2,2.1164517,0
20200609T2300,26.879135,97,1008,2.1203294,0
